Type,Name,Request Count,Failure Count,Median Response Time,Average Response Time,Min Response Time,Max Response Time,Average Content Size,Requests/s,Failures/s,50%,66%,75%,80%,90%,95%,98%,99%,99.9%,99.99%,100%
GET,/api/v1/photos/pstxoy2oakkqphp9/dl,2,0,520.999533997383,884.8056959977839,520.999533997383,1248.6118579981849,608946.0,0.0016670964229642245,0.0,1200,1200,1200,1200,1200,1200,1200,1200,1200,1200,1200
GET,/api/v1/photos/pstxp34w7ezacatj/dl,5,0,5200.0,4957.767920798506,2931.5442419974715,6459.8815940044005,3022198.0,0.0041677410574105615,0.0,5200,6100,6100,6500,6500,6500,6500,6500,6500,6500,6500
GET,/api/v1/photos/pstxp37ssnbe1lsw/dl,2,0,5500.0,5822.57903500431,5482.033739004692,6163.124331003928,4065611.0,0.0016670964229642245,0.0,6200,6200,6200,6200,6200,6200,6200,6200,6200,6200,6200
GET,/api/v1/photos/pstxp382l5au1xrm/dl,2,0,5036.874047997117,7126.467649497499,5036.874047997117,9216.061250997882,4969013.0,0.0016670964229642245,0.0,9200,9200,9200,9200,9200,9200,9200,9200,9200,9200,9200
GET,/api/v1/photos/pstxp3bxvax1r3zt/dl,2,0,5900.0,6566.671531498287,5852.361589997599,7280.981472998974,4320959.0,0.0016670964229642245,0.0,7300,7300,7300,7300,7300,7300,7300,7300,7300,7300,7300
GET,/api/v1/photos/pstxp3ekzppi08qk/dl,1,0,4446.692094999889,4446.692094999889,4446.692094999889,4446.692094999889,2681659.0,0.0008335482114821122,0.0,4400,4400,4400,4400,4400,4400,4400,4400,4400,4400,4400
GET,/api/v1/photos/pstxp3g3bfpykee2/dl,1,0,4038.598197999818,4038.598197999818,4038.598197999818,4038.598197999818,2949926.0,0.0008335482114821122,0.0,4000,4000,4000,4000,4000,4000,4000,4000,4000,4000,4000
GET,/api/v1/photos/pstxp3h2frj7s4tz/dl,1,0,2514.9540179991163,2514.9540179991163,2514.9540179991163,2514.9540179991163,2161736.0,0.0008335482114821122,0.0,2500,2500,2500,2500,2500,2500,2500,2500,2500,2500,2500
GET,/api/v1/photos/pstxp3jp0vzvbhyr/dl,2,0,1131.1685140026384,3319.0838115006045,1131.1685140026384,5506.999108998571,2466831.0,0.0016670964229642245,0.0,5500,5500,5500,5500,5500,5500,5500,5500,5500,5500,5500
GET,/api/v1/photos/pstxp3kusxpt1h88/dl,4,0,5800.0,6503.084600750299,5571.649386998615,7457.861066999612,3892267.0,0.003334192845928449,0.0,7200,7200,7500,7500,7500,7500,7500,7500,7500,7500,7500
GET,/api/v1/photos/pstxp3md775q8zy2/dl,1,0,2041.8741410030634,2041.8741410030634,2041.8741410030634,2041.8741410030634,2291371.0,0.0008335482114821122,0.0,2000,2000,2000,2000,2000,2000,2000,2000,2000,2000,2000
GET,/api/v1/photos/pstxp3meki6t5oja/dl,2,0,2814.3294250039617,3317.6179040019633,2814.3294250039617,3820.906382999965,3053890.0,0.0016670964229642245,0.0,3800,3800,3800,3800,3800,3800,3800,3800,3800,3800,3800
GET,/api/v1/photos/pstxp3p4bweltniv/dl,3,0,5100.0,4902.442824330744,4051.5566609974485,5541.85875300027,3372220.0,0.002500644634446337,0.0,5100,5100,5500,5500,5500,5500,5500,5500,5500,5500,5500
GET,/api/v1/photos/pstxp3pam2gjtd83/dl,3,0,7700.0,7312.282285667607,6195.667661006155,8011.308461995213,4004528.0,0.002500644634446337,0.0,7700,7700,8000,8000,8000,8000,8000,8000,8000,8000,8000
GET,/api/v1/photos/pstxp3saw38fsv2f/dl,3,0,4100.0,3850.792653664636,3226.4827089966275,4205.520562994934,2967589.0,0.002500644634446337,0.0,4100,4100,4200,4200,4200,4200,4200,4200,4200,4200,4200
GET,/api/v1/photos/pstxp3sigih378gj/dl,1,0,4765.453795000212,4765.453795000212,4765.453795000212,4765.453795000212,2778161.0,0.0008335482114821122,0.0,4800,4800,4800,4800,4800,4800,4800,4800,4800,4800,4800
GET,/api/v1/photos/pstxp3vq1sok0a29/dl,3,0,3594.4238500014762,3003.0768386665536,1846.5547929954482,3594.4238500014762,2290715.0,0.002500644634446337,0.0,3600,3600,3600,3600,3600,3600,3600,3600,3600,3600,3600
GET,/api/v1/photos/pstxp3xjv8wob90j/dl,1,0,2720.5411870017997,2720.5411870017997,2720.5411870017997,2720.5411870017997,2859186.0,0.0008335482114821122,0.0,2700,2700,2700,2700,2700,2700,2700,2700,2700,2700,2700
GET,/api/v1/photos/pstxp46ekr24ipqp/dl,6,0,6900.0,7445.694961334084,5517.621478000365,9803.84884399973,5740293.0,0.005001289268892674,0.0,7100,7100,8600,8600,9800,9800,9800,9800,9800,9800,9800
GET,/api/v1/photos/pstxp49cgje6do6t/dl,2,0,12000.0,12355.075413001032,11508.266557000752,13201.884269001312,10275539.0,0.0016670964229642245,0.0,13000,13000,13000,13000,13000,13000,13000,13000,13000,13000,13000
GET,/api/v1/photos/pstxp4civ8t53ip5/dl,4,0,5200.0,5198.882420749214,4352.145288998145,5898.134483999456,4426603.0,0.003334192845928449,0.0,5300,5300,5900,5900,5900,5900,5900,5900,5900,5900,5900
GET,/api/v1/photos/pstxp4cp1z7b8iju/dl,6,0,8600.0,8479.807143832053,7191.529499999888,9582.569671998499,7166863.0,0.005001289268892674,0.0,8700,8700,9000,9000,9600,9600,9600,9600,9600,9600,9600
GET,/api/v1/photos/pstxp4e19r5t307z/dl,4,0,2800.0,3344.828768998923,2492.3351559991715,4672.512153003481,2893384.0,0.003334192845928449,0.0,3400,3400,4700,4700,4700,4700,4700,4700,4700,4700,4700
GET,/api/v1/photos/pstxp4f8v0fd3tep/dl,1,0,4074.4234010053333,4074.4234010053333,4074.4234010053333,4074.4234010053333,3224526.0,0.0008335482114821122,0.0,4100,4100,4100,4100,4100,4100,4100,4100,4100,4100,4100
GET,/api/v1/photos/pstxp4hv3s9txf7t/dl,2,0,2501.223826999194,3326.696609001374,2501.223826999194,4152.169391003554,2764025.0,0.0016670964229642245,0.0,4200,4200,4200,4200,4200,4200,4200,4200,4200,4200,4200
GET,/api/v1/photos/pstxp4kfcbpdbhbs/dl,1,0,4825.891510001384,4825.891510001384,4825.891510001384,4825.891510001384,1642464.0,0.0008335482114821122,0.0,4800,4800,4800,4800,4800,4800,4800,4800,4800,4800,4800
GET,/api/v1/photos/pstxp4kswexh3vov/dl,9,0,2300.0,2242.9719142237445,1580.7664130043122,2861.7987129982794,1798389.0,0.00750193390333901,0.0,2300,2400,2600,2800,2900,2900,2900,2900,2900,2900,2900
GET,/api/v1/photos/pstxp4ogeuog18az/dl,7,0,8100.0,7800.547654285246,3879.0812000006554,9195.29789200169,5902396.0,0.005834837480374786,0.0,8100,9000,9100,9100,9200,9200,9200,9200,9200,9200,9200
GET,/api/v1/photos/pstxp4p7hbtty3vs/dl,2,0,3032.633384995279,3938.033660499059,3032.633384995279,4843.433936002839,2568875.0,0.0016670964229642245,0.0,4800,4800,4800,4800,4800,4800,4800,4800,4800,4800,4800
GET,/api/v1/photos/pstxp4r7ogrvds6l/dl,3,0,5700.0,5050.533167663768,3558.9565159971244,5927.889645994583,4381222.0,0.002500644634446337,0.0,5700,5700,5900,5900,5900,5900,5900,5900,5900,5900,5900
GET,/api/v1/photos/pstxp4t6z8g6dnxp/dl,1,0,3965.424655994866,3965.424655994866,3965.424655994866,3965.424655994866,3945572.0,0.0008335482114821122,0.0,4000,4000,4000,4000,4000,4000,4000,4000,4000,4000,4000
GET,/api/v1/photos/pstxp4v30jtk2jph/dl,2,0,4814.828055001271,5030.108040500636,4814.828055001271,5245.3880260000005,3598515.0,0.0016670964229642245,0.0,5200,5200,5200,5200,5200,5200,5200,5200,5200,5200,5200
GET,/api/v1/photos/pstxp4xar7pbkhw6/dl,4,0,7100.0,7615.743344247676,5530.400963994907,9011.408742997446,5549227.0,0.003334192845928449,0.0,8800,8800,9000,9000,9000,9000,9000,9000,9000,9000,9000
GET,/api/v1/photos/pstxp4zw19y1ns30/dl,6,0,5800.0,5751.598949499264,4895.346422999864,6884.645325000747,5291677.0,0.005001289268892674,0.0,5800,5800,6000,6000,6900,6900,6900,6900,6900,6900,6900
GET,/api/v1/photos/pstxp512vz45qsxx/dl,3,0,5300.0,5646.503473665992,3944.4418530038092,7692.479250996257,3848654.0,0.002500644634446337,0.0,5300,5300,7700,7700,7700,7700,7700,7700,7700,7700,7700
GET,/api/v1/photos/pstxp52f4x23ls98/dl,4,0,4100.0,3982.9782959968725,2368.10086100013,5059.219256996585,3037656.0,0.003334192845928449,0.0,4500,4500,5100,5100,5100,5100,5100,5100,5100,5100,5100
GET,/api/v1/photos/pstxp557k0osv35p/dl,4,0,6600.0,7200.13854275021,5703.111479000654,8248.145172998193,7038231.0,0.003334192845928449,0.0,8200,8200,8200,8200,8200,8200,8200,8200,8200,8200,8200
GET,/api/v1/photos/pstxp55hj2h4ktz7/dl,2,0,4100.0,4132.593908998388,4096.69800499978,4168.489812996995,4041383.0,0.0016670964229642245,0.0,4200,4200,4200,4200,4200,4200,4200,4200,4200,4200,4200
GET,/api/v1/photos/pstxp57yj900z1vn/dl,1,0,6244.507773000805,6244.507773000805,6244.507773000805,6244.507773000805,2833711.0,0.0008335482114821122,0.0,6200,6200,6200,6200,6200,6200,6200,6200,6200,6200,6200
GET,/api/v1/photos/pstxp5b38oh2y7u5/dl,4,0,6700.0,7073.951851998572,6592.333963999408,7483.0421449951245,5121997.0,0.003334192845928449,0.0,7500,7500,7500,7500,7500,7500,7500,7500,7500,7500,7500
GET,/api/v1/photos/pstxp5bld4mecbgq/dl,2,0,4837.863149004988,5869.02484300299,4837.863149004988,6900.186537000991,3417906.0,0.0016670964229642245,0.0,6900,6900,6900,6900,6900,6900,6900,6900,6900,6900,6900
GET,/api/v1/photos/pstxp5ehkt8zhbys/dl,1,0,1221.0373080015415,1221.0373080015415,1221.0373080015415,1221.0373080015415,1117959.0,0.0008335482114821122,0.0,1200,1200,1200,1200,1200,1200,1200,1200,1200,1200,1200
GET,/api/v1/photos/pstxp5h9jsfz0tet/dl,1,0,1141.5773460030323,1141.5773460030323,1141.5773460030323,1141.5773460030323,1037882.0,0.0008335482114821122,0.0,1100,1100,1100,1100,1100,1100,1100,1100,1100,1100,1100
GET,/api/v1/photos/pstxp5juk3h6jhee/dl,1,0,1175.0930139969569,1175.0930139969569,1175.0930139969569,1175.0930139969569,1048604.0,0.0008335482114821122,0.0,1200,1200,1200,1200,1200,1200,1200,1200,1200,1200,1200
GET,/api/v1/photos/pstxp5n7b84s7w71/dl,2,0,850.0,1329.5549799986475,845.6543470019824,1813.4556129953125,1112792.0,0.0016670964229642245,0.0,1800,1800,1800,1800,1800,1800,1800,1800,1800,1800,1800
GET,/api/v1/photos/pstxp5nygwi8x8k5/dl,7,0,2100.0,2518.5941375727584,1250.932733004447,4932.303948000481,1120969.0,0.005834837480374786,0.0,2100,2700,3300,3300,4900,4900,4900,4900,4900,4900,4900
GET,/api/v1/photos/pstxp5qlbkypwbww/dl,3,0,1400.0,1457.1652046652162,859.7731560003012,2146.25243699993,1128432.0,0.002500644634446337,0.0,1400,1400,2100,2100,2100,2100,2100,2100,2100,2100,2100
GET,/api/v1/photos/pstxp5sh0uriubn3/dl,1,0,1210.8646339984261,1210.8646339984261,1210.8646339984261,1210.8646339984261,1060466.0,0.0008335482114821122,0.0,1200,1200,1200,1200,1200,1200,1200,1200,1200,1200,1200
GET,/api/v1/photos/pstxp5u7tz0s16qc/dl,4,0,1600.0,2048.0522340021707,1061.0282920024474,2818.3415879975655,1051888.0,0.003334192845928449,0.0,2700,2700,2800,2800,2800,2800,2800,2800,2800,2800,2800
GET,/api/v1/photos/pstxp5vhb3ay6log/dl,3,0,1100.0,1603.9159933352494,937.6610899998923,2764.1118570027174,1038859.0,0.002500644634446337,0.0,1100,1100,2800,2800,2800,2800,2800,2800,2800,2800,2800
GET,/api/v1/photos/pstxp5waatks3xr8/dl,3,0,1300.0,1322.9614770025364,1078.8046790039516,1587.3276780039305,1126079.0,0.002500644634446337,0.0,1300,1300,1600,1600,1600,1600,1600,1600,1600,1600,1600
GET,/api/v1/photos/pstxp5xdk12c33j0/dl,4,0,1300.0,1869.3577287504013,1030.8737809973536,3511.9978209986584,1045597.0,0.003334192845928449,0.0,1600,1600,3500,3500,3500,3500,3500,3500,3500,3500,3500
GET,/api/v1/photos/pstxp5yuef1sik4h/dl,3,0,1314.4870940013789,1999.2056950019712,1314.4870940013789,3365.662576004979,1140328.0,0.002500644634446337,0.0,1300,1300,3400,3400,3400,3400,3400,3400,3400,3400,3400
GET,/api/v1/photos/pstxp5zwazznlc0p/dl,4,0,1300.0,1570.0646922487067,922.2790519997943,2341.3165929960087,1074009.0,0.003334192845928449,0.0,1800,1800,2300,2300,2300,2300,2300,2300,2300,2300,2300
GET,/api/v1/photos/pstxp60hupla4izo/dl,1,0,1376.0937379993265,1376.0937379993265,1376.0937379993265,1376.0937379993265,1094853.0,0.0008335482114821122,0.0,1400,1400,1400,1400,1400,1400,1400,1400,1400,1400,1400
GET,/api/v1/photos/pstxp62k8954iljx/dl,4,0,1100.0,1250.8330960008607,990.2647370035993,1553.0033739996725,1063223.0,0.003334192845928449,0.0,1400,1400,1600,1600,1600,1600,1600,1600,1600,1600,1600
GET,/api/v1/photos/pstxp62oj4btmp95/dl,5,0,1100.0,1369.9658169978647,999.1374829987762,2042.3322439964977,1114630.0,0.0041677410574105615,0.0,1100,1700,1700,2000,2000,2000,2000,2000,2000,2000,2000
GET,/api/v1/photos/pstxp64mome07qjg/dl,6,0,1400.0,1880.1486188325118,703.2909400004428,3334.520798001904,1072894.0,0.005001289268892674,0.0,1600,1600,3300,3300,3300,3300,3300,3300,3300,3300,3300
GET,/api/v1/photos/pstxp65bmilqap0w/dl,5,0,1100.0,1464.396213600412,1025.4107540022233,2103.0747660042834,1126246.0,0.0041677410574105615,0.0,1100,1900,1900,2100,2100,2100,2100,2100,2100,2100,2100
GET,/api/v1/photos/pstxp67sau3jm0ek/dl,3,0,1000.0,978.3114590003,853.413498000009,1075.9507460024906,1135909.0,0.002500644634446337,0.0,1000,1000,1100,1100,1100,1100,1100,1100,1100,1100,1100
GET,/api/v1/photos/pstxp67t86uimem6/dl,7,0,1800.0,1682.7209758578517,1086.0888750030426,2559.661346997018,1069128.0,0.005834837480374786,0.0,1800,2000,2100,2100,2600,2600,2600,2600,2600,2600,2600
GET,/api/v1/photos/pstxp6922o1kopju/dl,5,0,1300.0,1781.780747801531,1187.7683190032258,2964.243100999738,1125203.0,0.0041677410574105615,0.0,1300,2300,2300,3000,3000,3000,3000,3000,3000,3000,3000
GET,/api/v1/photos/pstxp6acnafwsp4v/dl,5,0,1800.0,2103.294746398751,983.6059320005006,3299.7026430020924,1130654.0,0.0041677410574105615,0.0,1800,3000,3000,3300,3300,3300,3300,3300,3300,3300,3300
GET,/api/v1/photos/pstxp6b4w47991ny/dl,5,0,1300.0,1791.4072389990906,851.0140130019863,2925.9240009996574,1088672.0,0.0041677410574105615,0.0,1300,2800,2800,2900,2900,2900,2900,2900,2900,2900,2900
GET,/api/v1/photos/pstxp6cbap0o3lfx/dl,5,0,1200.0,1407.9638372000773,961.3765710018924,2599.8192869956256,1123451.0,0.0041677410574105615,0.0,1200,1200,1200,2600,2600,2600,2600,2600,2600,2600,2600
GET,/api/v1/photos/pstxp6evb6imidgs/dl,6,0,1100.0,1439.0724798310355,951.1343109988957,2319.223726997734,1078422.0,0.005001289268892674,0.0,1400,1400,1900,1900,2300,2300,2300,2300,2300,2300,2300
GET,/api/v1/photos/pstxp6f5ijsweaay/dl,3,0,1000.0,1004.6416279995659,895.2537959994515,1095.7451549984398,1125913.0,0.002500644634446337,0.0,1000,1000,1100,1100,1100,1100,1100,1100,1100,1100,1100
GET,/api/v1/photos/pstxp6gbi3qsrjzh/dl,5,0,1100.0,1296.4606058012578,905.5661090023932,1908.8952940001036,1082937.0,0.0041677410574105615,0.0,1100,1600,1600,1900,1900,1900,1900,1900,1900,1900,1900
GET,/api/v1/photos/pstxp6hna7nuowjb/dl,3,0,890.0,1261.3284843343233,732.0915710006375,2157.577351004875,1120370.0,0.002500644634446337,0.0,890,890,2200,2200,2200,2200,2200,2200,2200,2200,2200
GET,/api/v1/photos/pstxp6i517fdaphb/dl,4,0,1600.0,1753.3678167528706,962.3683750032797,2611.3914560046396,1038073.0,0.003334192845928449,0.0,1800,1800,2600,2600,2600,2600,2600,2600,2600,2600,2600
GET,/api/v1/photos/pstxp6jj0j3pxjth/dl,3,0,1800.0,1692.3952033321257,1333.2848319987534,1975.7232740012114,1050685.0,0.002500644634446337,0.0,1800,1800,2000,2000,2000,2000,2000,2000,2000,2000,2000
GET,/api/v1/photos/pstxp6kst3qbhqqc/dl,2,0,1020.889999002975,1764.6496490015124,1020.889999002975,2508.40929900005,1088668.0,0.0016670964229642245,0.0,2500,2500,2500,2500,2500,2500,2500,2500,2500,2500,2500
GET,/api/v1/photos/pstxp6l8ynzgcd7z/dl,8,0,1400.0,1392.065335498046,879.1797659941949,1977.6281929953257,1102677.0,0.006668385691856898,0.0,1500,1500,1900,1900,2000,2000,2000,2000,2000,2000,2000
GET,/api/v1/photos/pstxp6m1g8lwimrb/dl,5,0,1500.0,1482.7160921995528,1076.928839996981,2025.630011994508,1080240.0,0.0041677410574105615,0.0,1500,1700,1700,2000,2000,2000,2000,2000,2000,2000,2000
GET,/api/v1/photos/pstxp6ns0iwip6s7/dl,3,0,1300.0,1685.2305070012033,952.3392820046865,2785.3319629939506,1062881.0,0.002500644634446337,0.0,1300,1300,2800,2800,2800,2800,2800,2800,2800,2800,2800
GET,/api/v1/photos/pstxp6o3t00xg31t/dl,3,0,2400.0,2202.3896333339508,1111.5138130044215,3052.4011149973376,1044997.0,0.002500644634446337,0.0,2400,2400,3100,3100,3100,3100,3100,3100,3100,3100,3100
GET,/api/v1/photos/pstxp6qt9uvzkn35/dl,4,0,1300.0,1515.2727102486097,986.3406320000649,2450.507376001042,1056370.0,0.003334192845928449,0.0,1300,1300,2500,2500,2500,2500,2500,2500,2500,2500,2500
GET,/api/v1/photos/pstxp6rvue0ffink/dl,3,0,1100.0,1225.740456332763,1033.5636909949244,1556.4051309993374,1093122.0,0.002500644634446337,0.0,1100,1100,1600,1600,1600,1600,1600,1600,1600,1600,1600
GET,/api/v1/photos/pstxp6t6lkvc6ctf/dl,3,0,1500.0,1550.0243796680782,919.9650719965575,2208.6720670049544,1100245.0,0.002500644634446337,0.0,1500,1500,2200,2200,2200,2200,2200,2200,2200,2200,2200
GET,/api/v1/photos/pstxp6tktjakaqjr/dl,4,0,1300.0,1741.5848432519851,1281.9454150012461,2193.4645120054483,1136871.0,0.003334192845928449,0.0,2200,2200,2200,2200,2200,2200,2200,2200,2200,2200,2200
GET,/api/v1/photos/pstxp6vud19kq9yu/dl,3,0,1400.0,1505.7345616684568,1262.619856002857,1826.1833899960038,1107159.0,0.002500644634446337,0.0,1400,1400,1800,1800,1800,1800,1800,1800,1800,1800,1800
GET,/api/v1/photos/pstxp6wl38hy5aj5/dl,2,0,770.0,989.4369670000742,767.1364089983399,1211.7375250018085,1113363.0,0.0016670964229642245,0.0,1200,1200,1200,1200,1200,1200,1200,1200,1200,1200,1200
GET,/api/v1/photos/pstxp6xzgjo58npc/dl,2,0,1110.1757789947442,1475.7463129972166,1110.1757789947442,1841.316846999689,1133997.0,0.0016670964229642245,0.0,1800,1800,1800,1800,1800,1800,1800,1800,1800,1800,1800
GET,/api/v1/photos/pstxp6y0oc1qs2yi/dl,4,0,1300.0,1636.5181327473692,1250.0512429978698,2007.0903139931033,1101385.0,0.003334192845928449,0.0,2000,2000,2000,2000,2000,2000,2000,2000,2000,2000,2000
GET,/api/v1/photos/pstxp71blt76ip0j/dl,3,0,1400.0,2313.198130000577,1048.208786000032,4471.176515995467,1089187.0,0.002500644634446337,0.0,1400,1400,4500,4500,4500,4500,4500,4500,4500,4500,4500
GET,/api/v1/photos/pstxp72esh95yg1f/dl,1,0,2727.262199005054,2727.262199005054,2727.262199005054,2727.262199005054,1135560.0,0.0008335482114821122,0.0,2700,2700,2700,2700,2700,2700,2700,2700,2700,2700,2700
GET,/api/v1/photos/psuaw9wr1t4fvxvn/dl,2,0,4004.3210510048084,5416.447016501479,4004.3210510048084,6828.57298199815,3548376.0,0.0016670964229642245,0.0,6800,6800,6800,6800,6800,6800,6800,6800,6800,6800,6800
GET,/api/v1/photos/psuvrxm0ypzac1m2/dl,2,0,1416.379672002222,2723.753353500797,1416.379672002222,4031.127034999372,1651588.0,0.0016670964229642245,0.0,4000,4000,4000,4000,4000,4000,4000,4000,4000,4000,4000
GET,/api/v1/photos/psuvry8yc4v9mgtc/dl,2,0,9200.0,9995.20728149946,9188.379213999724,10802.035348999198,7939971.0,0.0016670964229642245,0.0,11000,11000,11000,11000,11000,11000,11000,11000,11000,11000,11000
GET,/api/v1/photos/psuvryeiixi3fsjp/dl,3,0,4200.0,3865.9174063359387,2840.799657999014,4569.19085100526,3096486.0,0.002500644634446337,0.0,4200,4200,4600,4600,4600,4600,4600,4600,4600,4600,4600
GET,/api/v1/photos/psuvrylkuq82wsxn/dl,5,0,3100.0,3247.422176998225,2279.445483996824,4350.204850998125,2797525.0,0.0041677410574105615,0.0,3100,3700,3700,4400,4400,4400,4400,4400,4400,4400,4400
GET,/api/v1/photos/psuvrzevpr9ey63k/dl,3,0,4900.0,5917.306289666158,4736.720549000893,8093.830637000792,5496959.0,0.002500644634446337,0.0,4900,4900,8100,8100,8100,8100,8100,8100,8100,8100,8100
GET,/api/v1/photos/psuvrzvj4wcj5co5/dl,7,0,4300.0,3897.2464059999247,1847.7597840028466,5454.959340997448,2728205.0,0.005834837480374786,0.0,4300,4500,5100,5100,5500,5500,5500,5500,5500,5500,5500
GET,/api/v1/photos/psuvs0auu5hh6876/dl,2,0,3800.0,3872.617924000224,3785.5465749962605,3959.6892730041873,2928927.0,0.0016670964229642245,0.0,4000,4000,4000,4000,4000,4000,4000,4000,4000,4000,4000
GET,/api/v1/photos/psuvs0j22bo4w662/dl,5,0,6700.0,7120.421885402175,5798.975396006426,8501.544664999528,6546680.0,0.0041677410574105615,0.0,6700,8100,8100,8500,8500,8500,8500,8500,8500,8500,8500
GET,/api/v1/photos/psuvs0q70eo6dhlv/dl,3,0,3700.0,4287.172662996454,3566.264021996176,5590.761804000067,2880497.0,0.002500644634446337,0.0,3700,3700,5600,5600,5600,5600,5600,5600,5600,5600,5600
GET,/api/v1/photos/psuvs171sc4cdc8z/dl,3,0,4700.0,5384.897560667014,4015.354559000116,7480.048710000119,3957613.0,0.002500644634446337,0.0,4700,4700,7500,7500,7500,7500,7500,7500,7500,7500,7500
GET,/api/v1/photos/psuvs1mggxp7mmmb/dl,3,0,4900.0,4898.931340668544,4739.52022800222,5019.035479002923,4022186.0,0.002500644634446337,0.0,4900,4900,5000,5000,5000,5000,5000,5000,5000,5000,5000
GET,/api/v1/photos/psuvs1zysypd4eq6/dl,7,0,3200.0,2881.2425514292304,1529.9080129989306,3978.432726995379,2042943.0,0.005834837480374786,0.0,3200,3200,3400,3400,4000,4000,4000,4000,4000,4000,4000
GET,/api/v1/photos/psuvs31kfr6ymric/dl,1,0,7365.878513999633,7365.878513999633,7365.878513999633,7365.878513999633,6503054.0,0.0008335482114821122,0.0,7400,7400,7400,7400,7400,7400,7400,7400,7400,7400,7400
GET,/api/v1/photos/psuvs37xrg6iyhm8/dl,2,0,3615.727065000101,4201.446941999166,3615.727065000101,4787.16681899823,2975683.0,0.0016670964229642245,0.0,4800,4800,4800,4800,4800,4800,4800,4800,4800,4800,4800
GET,/api/v1/photos/psuvs3h3lvkc2bj6/dl,3,0,10000.0,9672.157858665742,8494.929047003097,10338.665484996454,7343802.0,0.002500644634446337,0.0,10000,10000,10000,10000,10000,10000,10000,10000,10000,10000,10000
GET,/api/v1/photos/psuvs4nabf9dvfd2/dl,6,0,2200.0,2891.661669166448,1572.8165050022653,4507.125743002689,2310519.0,0.005001289268892674,0.0,2900,2900,4200,4200,4500,4500,4500,4500,4500,4500,4500
GET,/api/v1/photos/psuvs52r7gih6nml/dl,1,0,7315.759662997152,7315.759662997152,7315.759662997152,7315.759662997152,3659497.0,0.0008335482114821122,0.0,7300,7300,7300,7300,7300,7300,7300,7300,7300,7300,7300
GET,/api/v1/photos/psuvs5abl3yzs202/dl,1,0,6701.467118997243,6701.467118997243,6701.467118997243,6701.467118997243,5516699.0,0.0008335482114821122,0.0,6700,6700,6700,6700,6700,6700,6700,6700,6700,6700,6700
GET,/api/v1/photos/psuvs5qc4no3v3d4/dl,6,0,5300.0,5975.655531667144,3728.339647001121,8635.900860004767,4966672.0,0.005001289268892674,0.0,6600,6600,7100,7100,8600,8600,8600,8600,8600,8600,8600
GET,/api/v1/photos/psuvs6slwqks8a6p/dl,4,0,16000.0,15579.680681748869,14002.791833998344,16216.001378998044,10702766.0,0.003334192845928449,0.0,16000,16000,16000,16000,16000,16000,16000,16000,16000,16000,16000
GET,/api/v1/photos/psuvs71hs4b268jz/dl,1,0,8731.93383999751,8731.93383999751,8731.93383999751,8731.93383999751,5574045.0,0.0008335482114821122,0.0,8700,8700,8700,8700,8700,8700,8700,8700,8700,8700,8700
GET,/api/v1/photos/psuvs7hla8h8hb31/dl,1,0,1476.0052490019007,1476.0052490019007,1476.0052490019007,1476.0052490019007,1320275.0,0.0008335482114821122,0.0,1500,1500,1500,1500,1500,1500,1500,1500,1500,1500,1500
GET,/api/v1/photos/psuvs7nkor4zin8t/dl,2,0,5108.645936001267,5598.22692400121,5108.645936001267,6087.807912001153,3459250.0,0.0016670964229642245,0.0,6100,6100,6100,6100,6100,6100,6100,6100,6100,6100,6100
GET,/api/v1/photos/psuvs8g52hrbxbnu/dl,2,0,4800.0,7202.935958503076,4765.0348900060635,9640.837027000089,5706528.0,0.0016670964229642245,0.0,9600,9600,9600,9600,9600,9600,9600,9600,9600,9600,9600
GET,/api/v1/photos/psuvs8pu9qz7mfkn/dl,2,0,6700.0,7309.719518001657,6669.770824002626,7949.668212000688,5635781.0,0.0016670964229642245,0.0,7900,7900,7900,7900,7900,7900,7900,7900,7900,7900,7900
GET,/api/v1/photos/psuvs9gfq1srydtp/dl,3,0,4600.0,4601.757061000778,3871.1736960030976,5286.070278998523,3375581.0,0.002500644634446337,0.0,4600,4600,5300,5300,5300,5300,5300,5300,5300,5300,5300
GET,/api/v1/photos/psuvsa43fm79pnde/dl,1,0,5661.7233870056225,5661.7233870056225,5661.7233870056225,5661.7233870056225,4585708.0,0.0008335482114821122,0.0,5700,5700,5700,5700,5700,5700,5700,5700,5700,5700,5700
GET,/api/v1/photos/psuvsalxhjs3rimo/dl,3,0,9200.0,9255.630694999127,8823.648473000503,9721.105878001254,6416614.0,0.002500644634446337,0.0,9200,9200,9700,9700,9700,9700,9700,9700,9700,9700,9700
GET,/api/v1/photos/psuvsb6ftmiox0ai/dl,1,0,5291.2109610042535,5291.2109610042535,5291.2109610042535,5291.2109610042535,3861679.0,0.0008335482114821122,0.0,5300,5300,5300,5300,5300,5300,5300,5300,5300,5300,5300
GET,/api/v1/photos/psuvsbc38n0bwwmi/dl,1,0,2810.3892430008273,2810.3892430008273,2810.3892430008273,2810.3892430008273,2745753.0,0.0008335482114821122,0.0,2800,2800,2800,2800,2800,2800,2800,2800,2800,2800,2800
GET,/api/v1/photos/psuvsbpgos63l2ct/dl,3,0,3900.0,3874.5827763317116,3126.2514289992396,4616.26573799731,3509545.0,0.002500644634446337,0.0,3900,3900,4600,4600,4600,4600,4600,4600,4600,4600,4600
GET,/api/v1/photos/psuvsbufqmbc309i/dl,3,0,1800.0,1687.6278023337363,1192.4896060008905,2064.08688800002,1632080.0,0.002500644634446337,0.0,1800,1800,2100,2100,2100,2100,2100,2100,2100,2100,2100
GET,/api/v1/photos/psuvsc2o2rj1rl59/dl,1,0,5274.369832004595,5274.369832004595,5274.369832004595,5274.369832004595,4382398.0,0.0008335482114821122,0.0,5300,5300,5300,5300,5300,5300,5300,5300,5300,5300,5300
GET,/api/v1/photos/psuvsc8c1a5f5m5m/dl,2,0,2808.0498359995545,3643.3908875005727,2808.0498359995545,4478.731939001591,3092190.0,0.0016670964229642245,0.0,4500,4500,4500,4500,4500,4500,4500,4500,4500,4500,4500
GET,/api/v1/photos/psuvscdped35280d/dl,4,0,3600.0,3662.032952748632,1661.9106119978824,4767.096928997489,2296715.0,0.003334192845928449,0.0,4600,4600,4800,4800,4800,4800,4800,4800,4800,4800,4800
GET,/api/v1/photos/psuvsd5zjgw3dk8r/dl,3,0,3700.0,4037.257039664837,3257.3139849992003,5159.344388994214,3262297.0,0.002500644634446337,0.0,3700,3700,5200,5200,5200,5200,5200,5200,5200,5200,5200
GET,/api/v1/photos/psuvsdcoc80smate/dl,1,0,2766.121443004522,2766.121443004522,2766.121443004522,2766.121443004522,3084959.0,0.0008335482114821122,0.0,2800,2800,2800,2800,2800,2800,2800,2800,2800,2800,2800
GET,/api/v1/photos/psuvse8ll2obe4uw/dl,3,0,2800.0,2890.83068233352,2328.120541998942,3563.070932003029,2683955.0,0.002500644634446337,0.0,2800,2800,3600,3600,3600,3600,3600,3600,3600,3600,3600
GET,/api/v1/photos/psuvsehhjsa0sg4t/dl,1,0,6046.177454998542,6046.177454998542,6046.177454998542,6046.177454998542,5133011.0,0.0008335482114821122,0.0,6000,6000,6000,6000,6000,6000,6000,6000,6000,6000,6000
GET,/api/v1/photos/psuvseoji3gmga77/dl,1,0,5113.605903999996,5113.605903999996,5113.605903999996,5113.605903999996,3089511.0,0.0008335482114821122,0.0,5100,5100,5100,5100,5100,5100,5100,5100,5100,5100,5100
GET,/api/v1/photos/psuvsfcmhz3vqcry/dl,2,0,5828.274229003,8128.35536700004,5828.274229003,10428.43650499708,3964401.0,0.0016670964229642245,0.0,10000,10000,10000,10000,10000,10000,10000,10000,10000,10000,10000
GET,/api/v1/photos/psuvsflyoslel23v/dl,4,0,7200.0,8440.234622998105,6121.573359996546,13163.30415399716,6348794.0,0.003334192845928449,0.0,7300,7300,13000,13000,13000,13000,13000,13000,13000,13000,13000
GET,/api/v1/photos/psuvsg1l3yuwv2cl/dl,2,0,4404.374523997831,4804.460349496367,4404.374523997831,5204.546174994903,3425009.0,0.0016670964229642245,0.0,5200,5200,5200,5200,5200,5200,5200,5200,5200,5200,5200
GET,/api/v1/photos/psuvsgkx1rroma6a/dl,1,0,6525.678068996058,6525.678068996058,6525.678068996058,6525.678068996058,4266612.0,0.0008335482114821122,0.0,6500,6500,6500,6500,6500,6500,6500,6500,6500,6500,6500
GET,/api/v1/photos/psuvshtbww3t86am/dl,2,0,3946.50665899826,4437.883024500479,3946.50665899826,4929.259390002699,3761701.0,0.0016670964229642245,0.0,4900,4900,4900,4900,4900,4900,4900,4900,4900,4900,4900
GET,/api/v1/photos/psuvsi3i8k3veivc/dl,3,0,4100.0,5087.874136333994,3769.469423001283,7407.909338995523,3772882.0,0.002500644634446337,0.0,4100,4100,7400,7400,7400,7400,7400,7400,7400,7400,7400
GET,/api/v1/photos/psuvsiiavhkdcdyh/dl,2,0,6100.0,6529.586984001071,6061.376664998534,6997.797303003608,5988228.0,0.0016670964229642245,0.0,7000,7000,7000,7000,7000,7000,7000,7000,7000,7000,7000
GET,/api/v1/photos/psuvsiz6xf1zj0ze/dl,3,0,3700.0,3299.689352332886,1884.9022059948766,4295.490994001739,3082484.0,0.002500644634446337,0.0,3700,3700,4300,4300,4300,4300,4300,4300,4300,4300,4300
GET,/api/v1/photos/psuvsj8lahwvbwhx/dl,1,0,7367.621040000813,7367.621040000813,7367.621040000813,7367.621040000813,6911571.0,0.0008335482114821122,0.0,7400,7400,7400,7400,7400,7400,7400,7400,7400,7400,7400
GET,/api/v1/photos/psuvsjghcofhqoji/dl,4,0,5800.0,6025.843291497949,5686.526120996859,6416.603791003581,4504049.0,0.003334192845928449,0.0,6200,6200,6400,6400,6400,6400,6400,6400,6400,6400,6400
GET,/api/v1/photos/psuvskrnlv29b5p9/dl,1,0,8635.23173899739,8635.23173899739,8635.23173899739,8635.23173899739,5149647.0,0.0008335482114821122,0.0,8600,8600,8600,8600,8600,8600,8600,8600,8600,8600,8600
GET,/api/v1/photos/psuvskx272wvxe4v/dl,2,0,2500.0,3390.919711000606,2483.7977009956376,4298.041721005575,2885182.0,0.0016670964229642245,0.0,4300,4300,4300,4300,4300,4300,4300,4300,4300,4300,4300
GET,/api/v1/photos/psuvsl5ejtgo0fku/dl,2,0,7607.797375007067,8366.179378004745,7607.797375007067,9124.561381002422,6523996.0,0.0016670964229642245,0.0,9100,9100,9100,9100,9100,9100,9100,9100,9100,9100,9100
GET,/api/v1/photos/psuvslq30akpe4nc/dl,1,0,4471.846435000771,4471.846435000771,4471.846435000771,4471.846435000771,2330085.0,0.0008335482114821122,0.0,4500,4500,4500,4500,4500,4500,4500,4500,4500,4500,4500
GET,/api/v1/photos/psuvsmfmsa00xfwm/dl,1,0,8119.547025002248,8119.547025002248,8119.547025002248,8119.547025002248,7166054.0,0.0008335482114821122,0.0,8100,8100,8100,8100,8100,8100,8100,8100,8100,8100,8100
GET,/api/v1/photos/psuvsmt8pfcrlyl3/dl,1,0,3558.426340998267,3558.426340998267,3558.426340998267,3558.426340998267,2298044.0,0.0008335482114821122,0.0,3600,3600,3600,3600,3600,3600,3600,3600,3600,3600,3600
GET,/api/v1/photos/psuvsnm5qh1w8ked/dl,1,0,4381.164815000375,4381.164815000375,4381.164815000375,4381.164815000375,3180204.0,0.0008335482114821122,0.0,4400,4400,4400,4400,4400,4400,4400,4400,4400,4400,4400
GET,/api/v1/photos/psuvsnwqcvx85gq3/dl,1,0,9256.46463999874,9256.46463999874,9256.46463999874,9256.46463999874,6914489.0,0.0008335482114821122,0.0,9300,9300,9300,9300,9300,9300,9300,9300,9300,9300,9300
GET,/api/v1/photos/psuvso9zku7lm084/dl,1,0,2148.3535259976634,2148.3535259976634,2148.3535259976634,2148.3535259976634,1597207.0,0.0008335482114821122,0.0,2100,2100,2100,2100,2100,2100,2100,2100,2100,2100,2100
GET,/api/v1/photos/psuvsoo0uq6c5148/dl,1,0,4385.173442002269,4385.173442002269,4385.173442002269,4385.173442002269,2700515.0,0.0008335482114821122,0.0,4400,4400,4400,4400,4400,4400,4400,4400,4400,4400,4400
GET,/api/v1/photos/psuvsovz8pdj8klo/dl,1,0,6786.021548999997,6786.021548999997,6786.021548999997,6786.021548999997,3592158.0,0.0008335482114821122,0.0,6800,6800,6800,6800,6800,6800,6800,6800,6800,6800,6800
GET,/api/v1/photos/psuvspf5s0yopv29/dl,1,0,5236.3544889958575,5236.3544889958575,5236.3544889958575,5236.3544889958575,3006544.0,0.0008335482114821122,0.0,5200,5200,5200,5200,5200,5200,5200,5200,5200,5200,5200
GET,/api/v1/photos/psuvspxr91m0qo7r/dl,1,0,1571.3742059961078,1571.3742059961078,1571.3742059961078,1571.3742059961078,1243602.0,0.0008335482114821122,0.0,1600,1600,1600,1600,1600,1600,1600,1600,1600,1600,1600
GET,/api/v1/photos/psuvsslluczq1wfk/dl,1,0,902.9723929997999,902.9723929997999,902.9723929997999,902.9723929997999,1227388.0,0.0008335482114821122,0.0,900,900,900,900,900,900,900,900,900,900,900
GET,/api/v1/photos?count=120&offset=0&merged=true&country=&camera=0&lens=0&label=&latlng=&year=0&month=0&color=&order=newest&q=&public=true,1706,0,610.0,736.4799202550065,335.5916439977591,3008.995749994938,211546.6406799531,1.4220332487884835,0.0,610,720,830,950,1200,1600,2000,2200,3000,3000,3000
GET,/api/v1/photos?count=120&offset=0&merged=true&country=&camera=0&lens=0&label=&latlng=&year=0&month=0&color=grey&order=newest&q=&public=true,1121,0,260.0,305.4949573131704,89.85406400461216,1585.4063189981389,84812.85548617307,0.9344075450714479,0.0,260,310,350,390,490,650,870,1100,1400,1600,1600
POST,/api/v1/users/ustxou8vkg5uhixv/upload/0EfeSV,1,0,2780.2885779965436,2780.2885779965436,2780.2885779965436,2780.2885779965436,48.0,0.0008335482114821122,0.0,2800,2800,2800,2800,2800,2800,2800,2800,2800,2800,2800
PUT,/api/v1/users/ustxou8vkg5uhixv/upload/0EfeSV,1,0,3051.5725820005173,3051.5725820005173,3051.5725820005173,3051.5725820005173,50.0,0.0008335482114821122,0.0,3100,3100,3100,3100,3100,3100,3100,3100,3100,3100,3100
POST,/api/v1/users/ustxou8vkg5uhixv/upload/0pxxtg,1,0,2729.707829996187,2729.707829996187,2729.707829996187,2729.707829996187,48.0,0.0008335482114821122,0.0,2700,2700,2700,2700,2700,2700,2700,2700,2700,2700,2700
PUT,/api/v1/users/ustxou8vkg5uhixv/upload/0pxxtg,1,0,2378.0002179992152,2378.0002179992152,2378.0002179992152,2378.0002179992152,50.0,0.0008335482114821122,0.0,2400,2400,2400,2400,2400,2400,2400,2400,2400,2400,2400
POST,/api/v1/users/ustxou8vkg5uhixv/upload/0udhlG,1,0,3945.841754000867,3945.841754000867,3945.841754000867,3945.841754000867,48.0,0.0008335482114821122,0.0,3900,3900,3900,3900,3900,3900,3900,3900,3900,3900,3900
PUT,/api/v1/users/ustxou8vkg5uhixv/upload/0udhlG,1,0,2894.5151049993,2894.5151049993,2894.5151049993,2894.5151049993,50.0,0.0008335482114821122,0.0,2900,2900,2900,2900,2900,2900,2900,2900,2900,2900,2900
POST,/api/v1/users/ustxou8vkg5uhixv/upload/13tN94,1,0,3867.1649929965497,3867.1649929965497,3867.1649929965497,3867.1649929965497,48.0,0.0008335482114821122,0.0,3900,3900,3900,3900,3900,3900,3900,3900,3900,3900,3900
PUT,/api/v1/users/ustxou8vkg5uhixv/upload/13tN94,1,0,2942.9604039978585,2942.9604039978585,2942.9604039978585,2942.9604039978585,50.0,0.0008335482114821122,0.0,2900,2900,2900,2900,2900,2900,2900,2900,2900,2900,2900
POST,/api/v1/users/ustxou8vkg5uhixv/upload/1O88Mn,1,0,5872.559629999159,5872.559629999159,5872.559629999159,5872.559629999159,48.0,0.0008335482114821122,0.0,5900,5900,5900,5900,5900,5900,5900,5900,5900,5900,5900
PUT,/api/v1/users/ustxou8vkg5uhixv/upload/1O88Mn,1,0,3280.9540730013396,3280.9540730013396,3280.9540730013396,3280.9540730013396,50.0,0.0008335482114821122,0.0,3300,3300,3300,3300,3300,3300,3300,3300,3300,3300,3300
POST,/api/v1/users/ustxou8vkg5uhixv/upload/1U1ybV,1,0,4717.15825299907,4717.15825299907,4717.15825299907,4717.15825299907,48.0,0.0008335482114821122,0.0,4700,4700,4700,4700,4700,4700,4700,4700,4700,4700,4700
PUT,/api/v1/users/ustxou8vkg5uhixv/upload/1U1ybV,1,0,3244.415917994047,3244.415917994047,3244.415917994047,3244.415917994047,50.0,0.0008335482114821122,0.0,3200,3200,3200,3200,3200,3200,3200,3200,3200,3200,3200
POST,/api/v1/users/ustxou8vkg5uhixv/upload/1plvxs,1,0,2190.4972129996167,2190.4972129996167,2190.4972129996167,2190.4972129996167,48.0,0.0008335482114821122,0.0,2200,2200,2200,2200,2200,2200,2200,2200,2200,2200,2200
PUT,/api/v1/users/ustxou8vkg5uhixv/upload/1plvxs,1,0,3086.041848997411,3086.041848997411,3086.041848997411,3086.041848997411,50.0,0.0008335482114821122,0.0,3100,3100,3100,3100,3100,3100,3100,3100,3100,3100,3100
POST,/api/v1/users/ustxou8vkg5uhixv/upload/2WCjbT,1,0,1108.0673600008595,1108.0673600008595,1108.0673600008595,1108.0673600008595,48.0,0.0008335482114821122,0.0,1100,1100,1100,1100,1100,1100,1100,1100,1100,1100,1100
PUT,/api/v1/users/ustxou8vkg5uhixv/upload/2WCjbT,1,0,2537.3961639998015,2537.3961639998015,2537.3961639998015,2537.3961639998015,50.0,0.0008335482114821122,0.0,2500,2500,2500,2500,2500,2500,2500,2500,2500,2500,2500
POST,/api/v1/users/ustxou8vkg5uhixv/upload/2lESGG,1,0,1585.3640549976262,1585.3640549976262,1585.3640549976262,1585.3640549976262,48.0,0.0008335482114821122,0.0,1600,1600,1600,1600,1600,1600,1600,1600,1600,1600,1600
PUT,/api/v1/users/ustxou8vkg5uhixv/upload/2lESGG,1,0,2368.3800119979423,2368.3800119979423,2368.3800119979423,2368.3800119979423,50.0,0.0008335482114821122,0.0,2400,2400,2400,2400,2400,2400,2400,2400,2400,2400,2400
POST,/api/v1/users/ustxou8vkg5uhixv/upload/38o1r6,1,0,9027.283675000945,9027.283675000945,9027.283675000945,9027.283675000945,48.0,0.0008335482114821122,0.0,9000,9000,9000,9000,9000,9000,9000,9000,9000,9000,9000
PUT,/api/v1/users/ustxou8vkg5uhixv/upload/38o1r6,1,0,4495.07519799954,4495.07519799954,4495.07519799954,4495.07519799954,50.0,0.0008335482114821122,0.0,4500,4500,4500,4500,4500,4500,4500,4500,4500,4500,4500
POST,/api/v1/users/ustxou8vkg5uhixv/upload/5ZZRyx,1,0,4448.771185998339,4448.771185998339,4448.771185998339,4448.771185998339,48.0,0.0008335482114821122,0.0,4400,4400,4400,4400,4400,4400,4400,4400,4400,4400,4400
PUT,/api/v1/users/ustxou8vkg5uhixv/upload/5ZZRyx,1,0,3135.315758001525,3135.315758001525,3135.315758001525,3135.315758001525,50.0,0.0008335482114821122,0.0,3100,3100,3100,3100,3100,3100,3100,3100,3100,3100,3100
POST,/api/v1/users/ustxou8vkg5uhixv/upload/6lbVHk,1,0,5384.092498999962,5384.092498999962,5384.092498999962,5384.092498999962,48.0,0.0008335482114821122,0.0,5400,5400,5400,5400,5400,5400,5400,5400,5400,5400,5400
PUT,/api/v1/users/ustxou8vkg5uhixv/upload/6lbVHk,1,0,3203.126273001544,3203.126273001544,3203.126273001544,3203.126273001544,50.0,0.0008335482114821122,0.0,3200,3200,3200,3200,3200,3200,3200,3200,3200,3200,3200
POST,/api/v1/users/ustxou8vkg5uhixv/upload/6y7BJc,1,0,4764.838229995803,4764.838229995803,4764.838229995803,4764.838229995803,48.0,0.0008335482114821122,0.0,4800,4800,4800,4800,4800,4800,4800,4800,4800,4800,4800
PUT,/api/v1/users/ustxou8vkg5uhixv/upload/6y7BJc,1,0,359.32580899680033,359.32580899680033,359.32580899680033,359.32580899680033,50.0,0.0008335482114821122,0.0,360,360,360,360,360,360,360,360,360,360,360
POST,/api/v1/users/ustxou8vkg5uhixv/upload/76w1sr,1,0,2291.813479998382,2291.813479998382,2291.813479998382,2291.813479998382,48.0,0.0008335482114821122,0.0,2300,2300,2300,2300,2300,2300,2300,2300,2300,2300,2300
PUT,/api/v1/users/ustxou8vkg5uhixv/upload/76w1sr,1,0,2366.4316099966527,2366.4316099966527,2366.4316099966527,2366.4316099966527,50.0,0.0008335482114821122,0.0,2400,2400,2400,2400,2400,2400,2400,2400,2400,2400,2400
POST,/api/v1/users/ustxou8vkg5uhixv/upload/7I6Mt3,1,0,6215.099492001173,6215.099492001173,6215.099492001173,6215.099492001173,48.0,0.0008335482114821122,0.0,6200,6200,6200,6200,6200,6200,6200,6200,6200,6200,6200
PUT,/api/v1/users/ustxou8vkg5uhixv/upload/7I6Mt3,1,0,2972.4016769978334,2972.4016769978334,2972.4016769978334,2972.4016769978334,50.0,0.0008335482114821122,0.0,3000,3000,3000,3000,3000,3000,3000,3000,3000,3000,3000
POST,/api/v1/users/ustxou8vkg5uhixv/upload/7gsQHl,1,0,4086.1345599987544,4086.1345599987544,4086.1345599987544,4086.1345599987544,48.0,0.0008335482114821122,0.0,4100,4100,4100,4100,4100,4100,4100,4100,4100,4100,4100
PUT,/api/v1/users/ustxou8vkg5uhixv/upload/7gsQHl,1,0,3231.261525004811,3231.261525004811,3231.261525004811,3231.261525004811,50.0,0.0008335482114821122,0.0,3200,3200,3200,3200,3200,3200,3200,3200,3200,3200,3200
POST,/api/v1/users/ustxou8vkg5uhixv/upload/85bC8E,1,0,3182.046690999414,3182.046690999414,3182.046690999414,3182.046690999414,48.0,0.0008335482114821122,0.0,3200,3200,3200,3200,3200,3200,3200,3200,3200,3200,3200
PUT,/api/v1/users/ustxou8vkg5uhixv/upload/85bC8E,1,0,2573.859142998117,2573.859142998117,2573.859142998117,2573.859142998117,50.0,0.0008335482114821122,0.0,2600,2600,2600,2600,2600,2600,2600,2600,2600,2600,2600
POST,/api/v1/users/ustxou8vkg5uhixv/upload/862d7z,1,0,3705.63215999573,3705.63215999573,3705.63215999573,3705.63215999573,48.0,0.0008335482114821122,0.0,3700,3700,3700,3700,3700,3700,3700,3700,3700,3700,3700
PUT,/api/v1/users/ustxou8vkg5uhixv/upload/862d7z,1,0,3154.8717849946115,3154.8717849946115,3154.8717849946115,3154.8717849946115,50.0,0.0008335482114821122,0.0,3200,3200,3200,3200,3200,3200,3200,3200,3200,3200,3200
POST,/api/v1/users/ustxou8vkg5uhixv/upload/8wWyM7,1,0,2098.324329999741,2098.324329999741,2098.324329999741,2098.324329999741,48.0,0.0008335482114821122,0.0,2100,2100,2100,2100,2100,2100,2100,2100,2100,2100,2100
PUT,/api/v1/users/ustxou8vkg5uhixv/upload/8wWyM7,1,0,2342.202432999329,2342.202432999329,2342.202432999329,2342.202432999329,50.0,0.0008335482114821122,0.0,2300,2300,2300,2300,2300,2300,2300,2300,2300,2300,2300
POST,/api/v1/users/ustxou8vkg5uhixv/upload/AI1JN5,1,0,2378.9034220026224,2378.9034220026224,2378.9034220026224,2378.9034220026224,48.0,0.0008335482114821122,0.0,2400,2400,2400,2400,2400,2400,2400,2400,2400,2400,2400
PUT,/api/v1/users/ustxou8vkg5uhixv/upload/AI1JN5,1,0,2997.7039089935715,2997.7039089935715,2997.7039089935715,2997.7039089935715,50.0,0.0008335482114821122,0.0,3000,3000,3000,3000,3000,3000,3000,3000,3000,3000,3000
POST,/api/v1/users/ustxou8vkg5uhixv/upload/ANh4Uv,1,0,4514.084262002143,4514.084262002143,4514.084262002143,4514.084262002143,48.0,0.0008335482114821122,0.0,4500,4500,4500,4500,4500,4500,4500,4500,4500,4500,4500
PUT,/api/v1/users/ustxou8vkg5uhixv/upload/ANh4Uv,1,0,2913.601160995313,2913.601160995313,2913.601160995313,2913.601160995313,50.0,0.0008335482114821122,0.0,2900,2900,2900,2900,2900,2900,2900,2900,2900,2900,2900
POST,/api/v1/users/ustxou8vkg5uhixv/upload/AlFAIJ,1,0,4073.6756440019235,4073.6756440019235,4073.6756440019235,4073.6756440019235,48.0,0.0008335482114821122,0.0,4100,4100,4100,4100,4100,4100,4100,4100,4100,4100,4100
PUT,/api/v1/users/ustxou8vkg5uhixv/upload/AlFAIJ,1,0,3392.7878889953718,3392.7878889953718,3392.7878889953718,3392.7878889953718,50.0,0.0008335482114821122,0.0,3400,3400,3400,3400,3400,3400,3400,3400,3400,3400,3400
POST,/api/v1/users/ustxou8vkg5uhixv/upload/BxRiQ7,1,0,1705.3356809992692,1705.3356809992692,1705.3356809992692,1705.3356809992692,48.0,0.0008335482114821122,0.0,1700,1700,1700,1700,1700,1700,1700,1700,1700,1700,1700
PUT,/api/v1/users/ustxou8vkg5uhixv/upload/BxRiQ7,1,0,2938.9696979997098,2938.9696979997098,2938.9696979997098,2938.9696979997098,50.0,0.0008335482114821122,0.0,2900,2900,2900,2900,2900,2900,2900,2900,2900,2900,2900
POST,/api/v1/users/ustxou8vkg5uhixv/upload/CBeLRM,1,0,10468.764780998754,10468.764780998754,10468.764780998754,10468.764780998754,49.0,0.0008335482114821122,0.0,10000,10000,10000,10000,10000,10000,10000,10000,10000,10000,10000
PUT,/api/v1/users/ustxou8vkg5uhixv/upload/CBeLRM,1,0,3511.7670240069856,3511.7670240069856,3511.7670240069856,3511.7670240069856,50.0,0.0008335482114821122,0.0,3500,3500,3500,3500,3500,3500,3500,3500,3500,3500,3500
POST,/api/v1/users/ustxou8vkg5uhixv/upload/Cvx962,1,0,5277.351343000191,5277.351343000191,5277.351343000191,5277.351343000191,48.0,0.0008335482114821122,0.0,5300,5300,5300,5300,5300,5300,5300,5300,5300,5300,5300
PUT,/api/v1/users/ustxou8vkg5uhixv/upload/Cvx962,1,0,3521.2178100046003,3521.2178100046003,3521.2178100046003,3521.2178100046003,50.0,0.0008335482114821122,0.0,3500,3500,3500,3500,3500,3500,3500,3500,3500,3500,3500
POST,/api/v1/users/ustxou8vkg5uhixv/upload/D6cL8K,1,0,1646.6550400000415,1646.6550400000415,1646.6550400000415,1646.6550400000415,48.0,0.0008335482114821122,0.0,1600,1600,1600,1600,1600,1600,1600,1600,1600,1600,1600
PUT,/api/v1/users/ustxou8vkg5uhixv/upload/D6cL8K,1,0,2368.4450250002556,2368.4450250002556,2368.4450250002556,2368.4450250002556,50.0,0.0008335482114821122,0.0,2400,2400,2400,2400,2400,2400,2400,2400,2400,2400,2400
POST,/api/v1/users/ustxou8vkg5uhixv/upload/E2ucVe,1,0,2279.1349699982675,2279.1349699982675,2279.1349699982675,2279.1349699982675,48.0,0.0008335482114821122,0.0,2300,2300,2300,2300,2300,2300,2300,2300,2300,2300,2300
PUT,/api/v1/users/ustxou8vkg5uhixv/upload/E2ucVe,1,0,2375.629267000477,2375.629267000477,2375.629267000477,2375.629267000477,50.0,0.0008335482114821122,0.0,2400,2400,2400,2400,2400,2400,2400,2400,2400,2400,2400
POST,/api/v1/users/ustxou8vkg5uhixv/upload/EBBNng,1,0,5508.802001000731,5508.802001000731,5508.802001000731,5508.802001000731,48.0,0.0008335482114821122,0.0,5500,5500,5500,5500,5500,5500,5500,5500,5500,5500,5500
PUT,/api/v1/users/ustxou8vkg5uhixv/upload/EBBNng,1,0,3471.4205670024967,3471.4205670024967,3471.4205670024967,3471.4205670024967,50.0,0.0008335482114821122,0.0,3500,3500,3500,3500,3500,3500,3500,3500,3500,3500,3500
POST,/api/v1/users/ustxou8vkg5uhixv/upload/EvCCd3,1,0,2809.4687209959375,2809.4687209959375,2809.4687209959375,2809.4687209959375,48.0,0.0008335482114821122,0.0,2800,2800,2800,2800,2800,2800,2800,2800,2800,2800,2800
PUT,/api/v1/users/ustxou8vkg5uhixv/upload/EvCCd3,1,0,2441.6386340017198,2441.6386340017198,2441.6386340017198,2441.6386340017198,50.0,0.0008335482114821122,0.0,2400,2400,2400,2400,2400,2400,2400,2400,2400,2400,2400
POST,/api/v1/users/ustxou8vkg5uhixv/upload/FyZLQI,1,0,1036.0477230060496,1036.0477230060496,1036.0477230060496,1036.0477230060496,48.0,0.0008335482114821122,0.0,1000,1000,1000,1000,1000,1000,1000,1000,1000,1000,1000
PUT,/api/v1/users/ustxou8vkg5uhixv/upload/FyZLQI,1,0,2515.432177002367,2515.432177002367,2515.432177002367,2515.432177002367,50.0,0.0008335482114821122,0.0,2500,2500,2500,2500,2500,2500,2500,2500,2500,2500,2500
POST,/api/v1/users/ustxou8vkg5uhixv/upload/G4bTTR,1,0,2939.754565995827,2939.754565995827,2939.754565995827,2939.754565995827,48.0,0.0008335482114821122,0.0,2900,2900,2900,2900,2900,2900,2900,2900,2900,2900,2900
PUT,/api/v1/users/ustxou8vkg5uhixv/upload/G4bTTR,1,0,3362.226992001524,3362.226992001524,3362.226992001524,3362.226992001524,50.0,0.0008335482114821122,0.0,3400,3400,3400,3400,3400,3400,3400,3400,3400,3400,3400
POST,/api/v1/users/ustxou8vkg5uhixv/upload/GP3MdV,1,0,4705.180653996649,4705.180653996649,4705.180653996649,4705.180653996649,48.0,0.0008335482114821122,0.0,4700,4700,4700,4700,4700,4700,4700,4700,4700,4700,4700
PUT,/api/v1/users/ustxou8vkg5uhixv/upload/GP3MdV,1,0,2970.090524002444,2970.090524002444,2970.090524002444,2970.090524002444,50.0,0.0008335482114821122,0.0,3000,3000,3000,3000,3000,3000,3000,3000,3000,3000,3000
POST,/api/v1/users/ustxou8vkg5uhixv/upload/GUmHHr,1,0,4017.5535300004412,4017.5535300004412,4017.5535300004412,4017.5535300004412,48.0,0.0008335482114821122,0.0,4000,4000,4000,4000,4000,4000,4000,4000,4000,4000,4000
PUT,/api/v1/users/ustxou8vkg5uhixv/upload/GUmHHr,1,0,2505.738517997088,2505.738517997088,2505.738517997088,2505.738517997088,50.0,0.0008335482114821122,0.0,2500,2500,2500,2500,2500,2500,2500,2500,2500,2500,2500
POST,/api/v1/users/ustxou8vkg5uhixv/upload/Gv33JP,1,0,1242.5022090028506,1242.5022090028506,1242.5022090028506,1242.5022090028506,48.0,0.0008335482114821122,0.0,1200,1200,1200,1200,1200,1200,1200,1200,1200,1200,1200
PUT,/api/v1/users/ustxou8vkg5uhixv/upload/Gv33JP,1,0,2423.8292439986253,2423.8292439986253,2423.8292439986253,2423.8292439986253,50.0,0.0008335482114821122,0.0,2400,2400,2400,2400,2400,2400,2400,2400,2400,2400,2400
POST,/api/v1/users/ustxou8vkg5uhixv/upload/HWaWzp,1,0,2861.9903559956583,2861.9903559956583,2861.9903559956583,2861.9903559956583,48.0,0.0008335482114821122,0.0,2900,2900,2900,2900,2900,2900,2900,2900,2900,2900,2900
PUT,/api/v1/users/ustxou8vkg5uhixv/upload/HWaWzp,1,0,2415.195276000304,2415.195276000304,2415.195276000304,2415.195276000304,50.0,0.0008335482114821122,0.0,2400,2400,2400,2400,2400,2400,2400,2400,2400,2400,2400
POST,/api/v1/users/ustxou8vkg5uhixv/upload/J7hCqr,1,0,2029.2294820028474,2029.2294820028474,2029.2294820028474,2029.2294820028474,48.0,0.0008335482114821122,0.0,2000,2000,2000,2000,2000,2000,2000,2000,2000,2000,2000
PUT,/api/v1/users/ustxou8vkg5uhixv/upload/J7hCqr,1,0,2808.0509239953244,2808.0509239953244,2808.0509239953244,2808.0509239953244,50.0,0.0008335482114821122,0.0,2800,2800,2800,2800,2800,2800,2800,2800,2800,2800,2800
POST,/api/v1/users/ustxou8vkg5uhixv/upload/JhwCxI,1,0,6084.104692003166,6084.104692003166,6084.104692003166,6084.104692003166,48.0,0.0008335482114821122,0.0,6100,6100,6100,6100,6100,6100,6100,6100,6100,6100,6100
PUT,/api/v1/users/ustxou8vkg5uhixv/upload/JhwCxI,1,0,3277.821383999253,3277.821383999253,3277.821383999253,3277.821383999253,50.0,0.0008335482114821122,0.0,3300,3300,3300,3300,3300,3300,3300,3300,3300,3300,3300
POST,/api/v1/users/ustxou8vkg5uhixv/upload/KGbFjw,1,0,2431.7091869961587,2431.7091869961587,2431.7091869961587,2431.7091869961587,48.0,0.0008335482114821122,0.0,2400,2400,2400,2400,2400,2400,2400,2400,2400,2400,2400
PUT,/api/v1/users/ustxou8vkg5uhixv/upload/KGbFjw,1,0,257.00328899984015,257.00328899984015,257.00328899984015,257.00328899984015,50.0,0.0008335482114821122,0.0,260,260,260,260,260,260,260,260,260,260,260
POST,/api/v1/users/ustxou8vkg5uhixv/upload/KpUNiz,1,0,2265.644582999812,2265.644582999812,2265.644582999812,2265.644582999812,48.0,0.0008335482114821122,0.0,2300,2300,2300,2300,2300,2300,2300,2300,2300,2300,2300
PUT,/api/v1/users/ustxou8vkg5uhixv/upload/KpUNiz,1,0,3163.500765003846,3163.500765003846,3163.500765003846,3163.500765003846,50.0,0.0008335482114821122,0.0,3200,3200,3200,3200,3200,3200,3200,3200,3200,3200,3200
POST,/api/v1/users/ustxou8vkg5uhixv/upload/Kuzory,1,0,5747.803913996904,5747.803913996904,5747.803913996904,5747.803913996904,48.0,0.0008335482114821122,0.0,5700,5700,5700,5700,5700,5700,5700,5700,5700,5700,5700
PUT,/api/v1/users/ustxou8vkg5uhixv/upload/Kuzory,1,0,3256.8401919997996,3256.8401919997996,3256.8401919997996,3256.8401919997996,50.0,0.0008335482114821122,0.0,3300,3300,3300,3300,3300,3300,3300,3300,3300,3300,3300
POST,/api/v1/users/ustxou8vkg5uhixv/upload/Kx0BRi,1,0,3698.9843499977724,3698.9843499977724,3698.9843499977724,3698.9843499977724,48.0,0.0008335482114821122,0.0,3700,3700,3700,3700,3700,3700,3700,3700,3700,3700,3700
PUT,/api/v1/users/ustxou8vkg5uhixv/upload/Kx0BRi,1,0,2895.235119998688,2895.235119998688,2895.235119998688,2895.235119998688,50.0,0.0008335482114821122,0.0,2900,2900,2900,2900,2900,2900,2900,2900,2900,2900,2900
POST,/api/v1/users/ustxou8vkg5uhixv/upload/LBkp12,1,0,4694.264288002159,4694.264288002159,4694.264288002159,4694.264288002159,48.0,0.0008335482114821122,0.0,4700,4700,4700,4700,4700,4700,4700,4700,4700,4700,4700
PUT,/api/v1/users/ustxou8vkg5uhixv/upload/LBkp12,1,0,3047.075593000045,3047.075593000045,3047.075593000045,3047.075593000045,50.0,0.0008335482114821122,0.0,3000,3000,3000,3000,3000,3000,3000,3000,3000,3000,3000
POST,/api/v1/users/ustxou8vkg5uhixv/upload/LXyPF8,1,0,3168.978593996144,3168.978593996144,3168.978593996144,3168.978593996144,48.0,0.0008335482114821122,0.0,3200,3200,3200,3200,3200,3200,3200,3200,3200,3200,3200
PUT,/api/v1/users/ustxou8vkg5uhixv/upload/LXyPF8,1,0,3678.4842619963456,3678.4842619963456,3678.4842619963456,3678.4842619963456,50.0,0.0008335482114821122,0.0,3700,3700,3700,3700,3700,3700,3700,3700,3700,3700,3700
POST,/api/v1/users/ustxou8vkg5uhixv/upload/Me7ljX,1,0,4006.195251997269,4006.195251997269,4006.195251997269,4006.195251997269,48.0,0.0008335482114821122,0.0,4000,4000,4000,4000,4000,4000,4000,4000,4000,4000,4000
PUT,/api/v1/users/ustxou8vkg5uhixv/upload/Me7ljX,1,0,3202.5091930045164,3202.5091930045164,3202.5091930045164,3202.5091930045164,50.0,0.0008335482114821122,0.0,3200,3200,3200,3200,3200,3200,3200,3200,3200,3200,3200
POST,/api/v1/users/ustxou8vkg5uhixv/upload/Mn2CtJ,1,0,3832.169345994771,3832.169345994771,3832.169345994771,3832.169345994771,48.0,0.0008335482114821122,0.0,3800,3800,3800,3800,3800,3800,3800,3800,3800,3800,3800
PUT,/api/v1/users/ustxou8vkg5uhixv/upload/Mn2CtJ,1,0,3033.0835200002184,3033.0835200002184,3033.0835200002184,3033.0835200002184,50.0,0.0008335482114821122,0.0,3000,3000,3000,3000,3000,3000,3000,3000,3000,3000,3000
POST,/api/v1/users/ustxou8vkg5uhixv/upload/MqWNM0,1,0,2611.991395999212,2611.991395999212,2611.991395999212,2611.991395999212,48.0,0.0008335482114821122,0.0,2600,2600,2600,2600,2600,2600,2600,2600,2600,2600,2600
PUT,/api/v1/users/ustxou8vkg5uhixv/upload/MqWNM0,1,0,2932.3442129971227,2932.3442129971227,2932.3442129971227,2932.3442129971227,50.0,0.0008335482114821122,0.0,2900,2900,2900,2900,2900,2900,2900,2900,2900,2900,2900
POST,/api/v1/users/ustxou8vkg5uhixv/upload/Neefnq,1,0,3873.84447799559,3873.84447799559,3873.84447799559,3873.84447799559,48.0,0.0008335482114821122,0.0,3900,3900,3900,3900,3900,3900,3900,3900,3900,3900,3900
PUT,/api/v1/users/ustxou8vkg5uhixv/upload/Neefnq,1,0,302.54808600147953,302.54808600147953,302.54808600147953,302.54808600147953,50.0,0.0008335482114821122,0.0,300,300,300,300,300,300,300,300,300,300,300
POST,/api/v1/users/ustxou8vkg5uhixv/upload/Nobu6Y,1,0,2770.3175810020184,2770.3175810020184,2770.3175810020184,2770.3175810020184,48.0,0.0008335482114821122,0.0,2800,2800,2800,2800,2800,2800,2800,2800,2800,2800,2800
PUT,/api/v1/users/ustxou8vkg5uhixv/upload/Nobu6Y,1,0,3187.9293409947422,3187.9293409947422,3187.9293409947422,3187.9293409947422,50.0,0.0008335482114821122,0.0,3200,3200,3200,3200,3200,3200,3200,3200,3200,3200,3200
POST,/api/v1/users/ustxou8vkg5uhixv/upload/NsA50p,1,0,5878.89978900057,5878.89978900057,5878.89978900057,5878.89978900057,48.0,0.0008335482114821122,0.0,5900,5900,5900,5900,5900,5900,5900,5900,5900,5900,5900
PUT,/api/v1/users/ustxou8vkg5uhixv/upload/NsA50p,1,0,3812.2375029997784,3812.2375029997784,3812.2375029997784,3812.2375029997784,50.0,0.0008335482114821122,0.0,3800,3800,3800,3800,3800,3800,3800,3800,3800,3800,3800
POST,/api/v1/users/ustxou8vkg5uhixv/upload/NzZjf4,1,0,4908.941367000807,4908.941367000807,4908.941367000807,4908.941367000807,48.0,0.0008335482114821122,0.0,4900,4900,4900,4900,4900,4900,4900,4900,4900,4900,4900
PUT,/api/v1/users/ustxou8vkg5uhixv/upload/NzZjf4,1,0,3634.7716489981394,3634.7716489981394,3634.7716489981394,3634.7716489981394,50.0,0.0008335482114821122,0.0,3600,3600,3600,3600,3600,3600,3600,3600,3600,3600,3600
POST,/api/v1/users/ustxou8vkg5uhixv/upload/OATXFz,1,0,5963.7216800038,5963.7216800038,5963.7216800038,5963.7216800038,48.0,0.0008335482114821122,0.0,6000,6000,6000,6000,6000,6000,6000,6000,6000,6000,6000
PUT,/api/v1/users/ustxou8vkg5uhixv/upload/OATXFz,1,0,3410.1271859981352,3410.1271859981352,3410.1271859981352,3410.1271859981352,50.0,0.0008335482114821122,0.0,3400,3400,3400,3400,3400,3400,3400,3400,3400,3400,3400
POST,/api/v1/users/ustxou8vkg5uhixv/upload/OkKEGC,1,0,5421.040070003073,5421.040070003073,5421.040070003073,5421.040070003073,48.0,0.0008335482114821122,0.0,5400,5400,5400,5400,5400,5400,5400,5400,5400,5400,5400
PUT,/api/v1/users/ustxou8vkg5uhixv/upload/OkKEGC,1,0,3277.4659050046466,3277.4659050046466,3277.4659050046466,3277.4659050046466,50.0,0.0008335482114821122,0.0,3300,3300,3300,3300,3300,3300,3300,3300,3300,3300,3300
POST,/api/v1/users/ustxou8vkg5uhixv/upload/OtPH0W,1,0,3626.0402610059828,3626.0402610059828,3626.0402610059828,3626.0402610059828,48.0,0.0008335482114821122,0.0,3600,3600,3600,3600,3600,3600,3600,3600,3600,3600,3600
PUT,/api/v1/users/ustxou8vkg5uhixv/upload/OtPH0W,1,0,3418.587872001808,3418.587872001808,3418.587872001808,3418.587872001808,50.0,0.0008335482114821122,0.0,3400,3400,3400,3400,3400,3400,3400,3400,3400,3400,3400
POST,/api/v1/users/ustxou8vkg5uhixv/upload/PAV8KS,1,0,1808.6898710025707,1808.6898710025707,1808.6898710025707,1808.6898710025707,48.0,0.0008335482114821122,0.0,1800,1800,1800,1800,1800,1800,1800,1800,1800,1800,1800
PUT,/api/v1/users/ustxou8vkg5uhixv/upload/PAV8KS,1,0,2443.961920995207,2443.961920995207,2443.961920995207,2443.961920995207,50.0,0.0008335482114821122,0.0,2400,2400,2400,2400,2400,2400,2400,2400,2400,2400,2400
POST,/api/v1/users/ustxou8vkg5uhixv/upload/PePCzp,1,0,5077.6554030017,5077.6554030017,5077.6554030017,5077.6554030017,48.0,0.0008335482114821122,0.0,5100,5100,5100,5100,5100,5100,5100,5100,5100,5100,5100
PUT,/api/v1/users/ustxou8vkg5uhixv/upload/PePCzp,1,0,3295.7206209975993,3295.7206209975993,3295.7206209975993,3295.7206209975993,50.0,0.0008335482114821122,0.0,3300,3300,3300,3300,3300,3300,3300,3300,3300,3300,3300
POST,/api/v1/users/ustxou8vkg5uhixv/upload/PgDG3Q,1,0,3668.4570360012003,3668.4570360012003,3668.4570360012003,3668.4570360012003,48.0,0.0008335482114821122,0.0,3700,3700,3700,3700,3700,3700,3700,3700,3700,3700,3700
PUT,/api/v1/users/ustxou8vkg5uhixv/upload/PgDG3Q,1,0,3762.2213309950894,3762.2213309950894,3762.2213309950894,3762.2213309950894,50.0,0.0008335482114821122,0.0,3800,3800,3800,3800,3800,3800,3800,3800,3800,3800,3800
POST,/api/v1/users/ustxou8vkg5uhixv/upload/Pr6qVm,1,0,3878.5883169985027,3878.5883169985027,3878.5883169985027,3878.5883169985027,48.0,0.0008335482114821122,0.0,3900,3900,3900,3900,3900,3900,3900,3900,3900,3900,3900
PUT,/api/v1/users/ustxou8vkg5uhixv/upload/Pr6qVm,1,0,3472.9094360009185,3472.9094360009185,3472.9094360009185,3472.9094360009185,50.0,0.0008335482114821122,0.0,3500,3500,3500,3500,3500,3500,3500,3500,3500,3500,3500
POST,/api/v1/users/ustxou8vkg5uhixv/upload/RESEzh,1,0,2426.872010997613,2426.872010997613,2426.872010997613,2426.872010997613,48.0,0.0008335482114821122,0.0,2400,2400,2400,2400,2400,2400,2400,2400,2400,2400,2400
PUT,/api/v1/users/ustxou8vkg5uhixv/upload/RESEzh,1,0,3001.0565079937805,3001.0565079937805,3001.0565079937805,3001.0565079937805,50.0,0.0008335482114821122,0.0,3000,3000,3000,3000,3000,3000,3000,3000,3000,3000,3000
POST,/api/v1/users/ustxou8vkg5uhixv/upload/RkuKs9,1,0,1089.049038993835,1089.049038993835,1089.049038993835,1089.049038993835,48.0,0.0008335482114821122,0.0,1100,1100,1100,1100,1100,1100,1100,1100,1100,1100,1100
PUT,/api/v1/users/ustxou8vkg5uhixv/upload/RkuKs9,1,0,1972.7897709963145,1972.7897709963145,1972.7897709963145,1972.7897709963145,50.0,0.0008335482114821122,0.0,2000,2000,2000,2000,2000,2000,2000,2000,2000,2000,2000
POST,/api/v1/users/ustxou8vkg5uhixv/upload/RlGnYX,1,0,1136.004881002009,1136.004881002009,1136.004881002009,1136.004881002009,48.0,0.0008335482114821122,0.0,1100,1100,1100,1100,1100,1100,1100,1100,1100,1100,1100
PUT,/api/v1/users/ustxou8vkg5uhixv/upload/RlGnYX,1,0,2786.351430004288,2786.351430004288,2786.351430004288,2786.351430004288,50.0,0.0008335482114821122,0.0,2800,2800,2800,2800,2800,2800,2800,2800,2800,2800,2800
POST,/api/v1/users/ustxou8vkg5uhixv/upload/RnVNyI,1,0,3461.9611109956168,3461.9611109956168,3461.9611109956168,3461.9611109956168,48.0,0.0008335482114821122,0.0,3500,3500,3500,3500,3500,3500,3500,3500,3500,3500,3500
PUT,/api/v1/users/ustxou8vkg5uhixv/upload/RnVNyI,1,0,298.11297499691136,298.11297499691136,298.11297499691136,298.11297499691136,50.0,0.0008335482114821122,0.0,300,300,300,300,300,300,300,300,300,300,300
POST,/api/v1/users/ustxou8vkg5uhixv/upload/SYbOWB,1,0,2034.6648519989685,2034.6648519989685,2034.6648519989685,2034.6648519989685,48.0,0.0008335482114821122,0.0,2000,2000,2000,2000,2000,2000,2000,2000,2000,2000,2000
PUT,/api/v1/users/ustxou8vkg5uhixv/upload/SYbOWB,1,0,2866.0373960010475,2866.0373960010475,2866.0373960010475,2866.0373960010475,50.0,0.0008335482114821122,0.0,2900,2900,2900,2900,2900,2900,2900,2900,2900,2900,2900
POST,/api/v1/users/ustxou8vkg5uhixv/upload/SYfMv3,1,0,5420.66964499827,5420.66964499827,5420.66964499827,5420.66964499827,48.0,0.0008335482114821122,0.0,5400,5400,5400,5400,5400,5400,5400,5400,5400,5400,5400
PUT,/api/v1/users/ustxou8vkg5uhixv/upload/SYfMv3,1,0,3277.4310919994605,3277.4310919994605,3277.4310919994605,3277.4310919994605,50.0,0.0008335482114821122,0.0,3300,3300,3300,3300,3300,3300,3300,3300,3300,3300,3300
POST,/api/v1/users/ustxou8vkg5uhixv/upload/TXNDPe,1,0,1991.8217980011832,1991.8217980011832,1991.8217980011832,1991.8217980011832,48.0,0.0008335482114821122,0.0,2000,2000,2000,2000,2000,2000,2000,2000,2000,2000,2000
PUT,/api/v1/users/ustxou8vkg5uhixv/upload/TXNDPe,1,0,3000.627473993518,3000.627473993518,3000.627473993518,3000.627473993518,50.0,0.0008335482114821122,0.0,3000,3000,3000,3000,3000,3000,3000,3000,3000,3000,3000
POST,/api/v1/users/ustxou8vkg5uhixv/upload/TqQTrW,1,0,1354.9860090060974,1354.9860090060974,1354.9860090060974,1354.9860090060974,48.0,0.0008335482114821122,0.0,1400,1400,1400,1400,1400,1400,1400,1400,1400,1400,1400
PUT,/api/v1/users/ustxou8vkg5uhixv/upload/TqQTrW,1,0,2507.021816003544,2507.021816003544,2507.021816003544,2507.021816003544,50.0,0.0008335482114821122,0.0,2500,2500,2500,2500,2500,2500,2500,2500,2500,2500,2500
POST,/api/v1/users/ustxou8vkg5uhixv/upload/UDAPdq,1,0,3825.9542969972244,3825.9542969972244,3825.9542969972244,3825.9542969972244,48.0,0.0008335482114821122,0.0,3800,3800,3800,3800,3800,3800,3800,3800,3800,3800,3800
PUT,/api/v1/users/ustxou8vkg5uhixv/upload/UDAPdq,1,0,2682.4272070007282,2682.4272070007282,2682.4272070007282,2682.4272070007282,50.0,0.0008335482114821122,0.0,2700,2700,2700,2700,2700,2700,2700,2700,2700,2700,2700
POST,/api/v1/users/ustxou8vkg5uhixv/upload/UQEOmY,1,0,11155.739795001864,11155.739795001864,11155.739795001864,11155.739795001864,49.0,0.0008335482114821122,0.0,11000,11000,11000,11000,11000,11000,11000,11000,11000,11000,11000
PUT,/api/v1/users/ustxou8vkg5uhixv/upload/UQEOmY,1,0,4036.366136999277,4036.366136999277,4036.366136999277,4036.366136999277,50.0,0.0008335482114821122,0.0,4000,4000,4000,4000,4000,4000,4000,4000,4000,4000,4000
POST,/api/v1/users/ustxou8vkg5uhixv/upload/UUBOT2,1,0,2195.3126920052455,2195.3126920052455,2195.3126920052455,2195.3126920052455,48.0,0.0008335482114821122,0.0,2200,2200,2200,2200,2200,2200,2200,2200,2200,2200,2200
PUT,/api/v1/users/ustxou8vkg5uhixv/upload/UUBOT2,1,0,2378.2669990032446,2378.2669990032446,2378.2669990032446,2378.2669990032446,50.0,0.0008335482114821122,0.0,2400,2400,2400,2400,2400,2400,2400,2400,2400,2400,2400
POST,/api/v1/users/ustxou8vkg5uhixv/upload/VQAQe7,1,0,1028.5808030021144,1028.5808030021144,1028.5808030021144,1028.5808030021144,48.0,0.0008335482114821122,0.0,1000,1000,1000,1000,1000,1000,1000,1000,1000,1000,1000
PUT,/api/v1/users/ustxou8vkg5uhixv/upload/VQAQe7,1,0,2464.3350600017584,2464.3350600017584,2464.3350600017584,2464.3350600017584,50.0,0.0008335482114821122,0.0,2500,2500,2500,2500,2500,2500,2500,2500,2500,2500,2500
POST,/api/v1/users/ustxou8vkg5uhixv/upload/VjQqNP,1,0,2134.744563001732,2134.744563001732,2134.744563001732,2134.744563001732,48.0,0.0008335482114821122,0.0,2100,2100,2100,2100,2100,2100,2100,2100,2100,2100,2100
PUT,/api/v1/users/ustxou8vkg5uhixv/upload/VjQqNP,1,0,2843.858416999865,2843.858416999865,2843.858416999865,2843.858416999865,50.0,0.0008335482114821122,0.0,2800,2800,2800,2800,2800,2800,2800,2800,2800,2800,2800
POST,/api/v1/users/ustxou8vkg5uhixv/upload/WSJA0r,1,0,1893.7724669958698,1893.7724669958698,1893.7724669958698,1893.7724669958698,48.0,0.0008335482114821122,0.0,1900,1900,1900,1900,1900,1900,1900,1900,1900,1900,1900
PUT,/api/v1/users/ustxou8vkg5uhixv/upload/WSJA0r,1,0,2347.0381970037124,2347.0381970037124,2347.0381970037124,2347.0381970037124,50.0,0.0008335482114821122,0.0,2300,2300,2300,2300,2300,2300,2300,2300,2300,2300,2300
POST,/api/v1/users/ustxou8vkg5uhixv/upload/WmWC9V,1,0,2851.209282001946,2851.209282001946,2851.209282001946,2851.209282001946,48.0,0.0008335482114821122,0.0,2900,2900,2900,2900,2900,2900,2900,2900,2900,2900,2900
PUT,/api/v1/users/ustxou8vkg5uhixv/upload/WmWC9V,1,0,3210.477925997111,3210.477925997111,3210.477925997111,3210.477925997111,50.0,0.0008335482114821122,0.0,3200,3200,3200,3200,3200,3200,3200,3200,3200,3200,3200
POST,/api/v1/users/ustxou8vkg5uhixv/upload/X76uYO,1,0,6912.706531002186,6912.706531002186,6912.706531002186,6912.706531002186,48.0,0.0008335482114821122,0.0,6900,6900,6900,6900,6900,6900,6900,6900,6900,6900,6900
PUT,/api/v1/users/ustxou8vkg5uhixv/upload/X76uYO,1,0,3575.876059003349,3575.876059003349,3575.876059003349,3575.876059003349,50.0,0.0008335482114821122,0.0,3600,3600,3600,3600,3600,3600,3600,3600,3600,3600,3600
POST,/api/v1/users/ustxou8vkg5uhixv/upload/XCnDXr,1,0,2828.1168030007393,2828.1168030007393,2828.1168030007393,2828.1168030007393,48.0,0.0008335482114821122,0.0,2800,2800,2800,2800,2800,2800,2800,2800,2800,2800,2800
PUT,/api/v1/users/ustxou8vkg5uhixv/upload/XCnDXr,1,0,2331.0814860014943,2331.0814860014943,2331.0814860014943,2331.0814860014943,50.0,0.0008335482114821122,0.0,2300,2300,2300,2300,2300,2300,2300,2300,2300,2300,2300
POST,/api/v1/users/ustxou8vkg5uhixv/upload/XUYEPR,1,0,4712.1394089990645,4712.1394089990645,4712.1394089990645,4712.1394089990645,48.0,0.0008335482114821122,0.0,4700,4700,4700,4700,4700,4700,4700,4700,4700,4700,4700
PUT,/api/v1/users/ustxou8vkg5uhixv/upload/XUYEPR,1,0,2810.531932998856,2810.531932998856,2810.531932998856,2810.531932998856,50.0,0.0008335482114821122,0.0,2800,2800,2800,2800,2800,2800,2800,2800,2800,2800,2800
POST,/api/v1/users/ustxou8vkg5uhixv/upload/XlCH3a,1,0,2497.5150560057955,2497.5150560057955,2497.5150560057955,2497.5150560057955,48.0,0.0008335482114821122,0.0,2500,2500,2500,2500,2500,2500,2500,2500,2500,2500,2500
PUT,/api/v1/users/ustxou8vkg5uhixv/upload/XlCH3a,1,0,2839.7672709979815,2839.7672709979815,2839.7672709979815,2839.7672709979815,50.0,0.0008335482114821122,0.0,2800,2800,2800,2800,2800,2800,2800,2800,2800,2800,2800
POST,/api/v1/users/ustxou8vkg5uhixv/upload/YKek3O,1,0,2905.6584749996546,2905.6584749996546,2905.6584749996546,2905.6584749996546,48.0,0.0008335482114821122,0.0,2900,2900,2900,2900,2900,2900,2900,2900,2900,2900,2900
PUT,/api/v1/users/ustxou8vkg5uhixv/upload/YKek3O,1,0,2826.886167997145,2826.886167997145,2826.886167997145,2826.886167997145,50.0,0.0008335482114821122,0.0,2800,2800,2800,2800,2800,2800,2800,2800,2800,2800,2800
POST,/api/v1/users/ustxou8vkg5uhixv/upload/YTGbFU,1,0,2288.7998619989958,2288.7998619989958,2288.7998619989958,2288.7998619989958,48.0,0.0008335482114821122,0.0,2300,2300,2300,2300,2300,2300,2300,2300,2300,2300,2300
PUT,/api/v1/users/ustxou8vkg5uhixv/upload/YTGbFU,1,0,2353.7180240018643,2353.7180240018643,2353.7180240018643,2353.7180240018643,50.0,0.0008335482114821122,0.0,2400,2400,2400,2400,2400,2400,2400,2400,2400,2400,2400
POST,/api/v1/users/ustxou8vkg5uhixv/upload/ZWQGnN,1,0,2226.4146500019706,2226.4146500019706,2226.4146500019706,2226.4146500019706,48.0,0.0008335482114821122,0.0,2200,2200,2200,2200,2200,2200,2200,2200,2200,2200,2200
PUT,/api/v1/users/ustxou8vkg5uhixv/upload/ZWQGnN,1,0,3193.5905889986316,3193.5905889986316,3193.5905889986316,3193.5905889986316,50.0,0.0008335482114821122,0.0,3200,3200,3200,3200,3200,3200,3200,3200,3200,3200,3200
POST,/api/v1/users/ustxou8vkg5uhixv/upload/ZvG9yL,1,0,5495.640984001511,5495.640984001511,5495.640984001511,5495.640984001511,48.0,0.0008335482114821122,0.0,5500,5500,5500,5500,5500,5500,5500,5500,5500,5500,5500
PUT,/api/v1/users/ustxou8vkg5uhixv/upload/ZvG9yL,1,0,3384.462682995945,3384.462682995945,3384.462682995945,3384.462682995945,50.0,0.0008335482114821122,0.0,3400,3400,3400,3400,3400,3400,3400,3400,3400,3400,3400
POST,/api/v1/users/ustxou8vkg5uhixv/upload/a3eBHn,1,0,5583.66330100398,5583.66330100398,5583.66330100398,5583.66330100398,48.0,0.0008335482114821122,0.0,5600,5600,5600,5600,5600,5600,5600,5600,5600,5600,5600
PUT,/api/v1/users/ustxou8vkg5uhixv/upload/a3eBHn,1,0,3051.2891329999547,3051.2891329999547,3051.2891329999547,3051.2891329999547,50.0,0.0008335482114821122,0.0,3100,3100,3100,3100,3100,3100,3100,3100,3100,3100,3100
POST,/api/v1/users/ustxou8vkg5uhixv/upload/a7udow,1,0,5180.032755000866,5180.032755000866,5180.032755000866,5180.032755000866,48.0,0.0008335482114821122,0.0,5200,5200,5200,5200,5200,5200,5200,5200,5200,5200,5200
PUT,/api/v1/users/ustxou8vkg5uhixv/upload/a7udow,1,0,2964.6451360022184,2964.6451360022184,2964.6451360022184,2964.6451360022184,50.0,0.0008335482114821122,0.0,3000,3000,3000,3000,3000,3000,3000,3000,3000,3000,3000
POST,/api/v1/users/ustxou8vkg5uhixv/upload/avZTam,1,0,4338.47107499605,4338.47107499605,4338.47107499605,4338.47107499605,48.0,0.0008335482114821122,0.0,4300,4300,4300,4300,4300,4300,4300,4300,4300,4300,4300
PUT,/api/v1/users/ustxou8vkg5uhixv/upload/avZTam,1,0,2988.2229210052174,2988.2229210052174,2988.2229210052174,2988.2229210052174,50.0,0.0008335482114821122,0.0,3000,3000,3000,3000,3000,3000,3000,3000,3000,3000,3000
POST,/api/v1/users/ustxou8vkg5uhixv/upload/bZOkle,1,0,7096.247189001588,7096.247189001588,7096.247189001588,7096.247189001588,48.0,0.0008335482114821122,0.0,7100,7100,7100,7100,7100,7100,7100,7100,7100,7100,7100
PUT,/api/v1/users/ustxou8vkg5uhixv/upload/bZOkle,1,0,3497.469772999466,3497.469772999466,3497.469772999466,3497.469772999466,50.0,0.0008335482114821122,0.0,3500,3500,3500,3500,3500,3500,3500,3500,3500,3500,3500
POST,/api/v1/users/ustxou8vkg5uhixv/upload/c3yiRg,1,0,2298.410777999379,2298.410777999379,2298.410777999379,2298.410777999379,48.0,0.0008335482114821122,0.0,2300,2300,2300,2300,2300,2300,2300,2300,2300,2300,2300
PUT,/api/v1/users/ustxou8vkg5uhixv/upload/c3yiRg,1,0,265.21074999618577,265.21074999618577,265.21074999618577,265.21074999618577,50.0,0.0008335482114821122,0.0,270,270,270,270,270,270,270,270,270,270,270
POST,/api/v1/users/ustxou8vkg5uhixv/upload/c7PGYZ,1,0,4935.597062998568,4935.597062998568,4935.597062998568,4935.597062998568,48.0,0.0008335482114821122,0.0,4900,4900,4900,4900,4900,4900,4900,4900,4900,4900,4900
PUT,/api/v1/users/ustxou8vkg5uhixv/upload/c7PGYZ,1,0,3297.213097997883,3297.213097997883,3297.213097997883,3297.213097997883,50.0,0.0008335482114821122,0.0,3300,3300,3300,3300,3300,3300,3300,3300,3300,3300,3300
POST,/api/v1/users/ustxou8vkg5uhixv/upload/cQ0zq6,1,0,2872.1382139992784,2872.1382139992784,2872.1382139992784,2872.1382139992784,48.0,0.0008335482114821122,0.0,2900,2900,2900,2900,2900,2900,2900,2900,2900,2900,2900
PUT,/api/v1/users/ustxou8vkg5uhixv/upload/cQ0zq6,1,0,2555.766445999325,2555.766445999325,2555.766445999325,2555.766445999325,50.0,0.0008335482114821122,0.0,2600,2600,2600,2600,2600,2600,2600,2600,2600,2600,2600
POST,/api/v1/users/ustxou8vkg5uhixv/upload/cbgSGi,1,0,4922.9196879969095,4922.9196879969095,4922.9196879969095,4922.9196879969095,48.0,0.0008335482114821122,0.0,4900,4900,4900,4900,4900,4900,4900,4900,4900,4900,4900
PUT,/api/v1/users/ustxou8vkg5uhixv/upload/cbgSGi,1,0,2470.460323995212,2470.460323995212,2470.460323995212,2470.460323995212,50.0,0.0008335482114821122,0.0,2500,2500,2500,2500,2500,2500,2500,2500,2500,2500,2500
POST,/api/v1/users/ustxou8vkg5uhixv/upload/dEjRRp,1,0,2649.511765994248,2649.511765994248,2649.511765994248,2649.511765994248,48.0,0.0008335482114821122,0.0,2600,2600,2600,2600,2600,2600,2600,2600,2600,2600,2600
PUT,/api/v1/users/ustxou8vkg5uhixv/upload/dEjRRp,1,0,2479.0477179994923,2479.0477179994923,2479.0477179994923,2479.0477179994923,50.0,0.0008335482114821122,0.0,2500,2500,2500,2500,2500,2500,2500,2500,2500,2500,2500
POST,/api/v1/users/ustxou8vkg5uhixv/upload/dY3QXe,1,0,2411.7451639976935,2411.7451639976935,2411.7451639976935,2411.7451639976935,48.0,0.0008335482114821122,0.0,2400,2400,2400,2400,2400,2400,2400,2400,2400,2400,2400
PUT,/api/v1/users/ustxou8vkg5uhixv/upload/dY3QXe,1,0,2745.517180999741,2745.517180999741,2745.517180999741,2745.517180999741,50.0,0.0008335482114821122,0.0,2700,2700,2700,2700,2700,2700,2700,2700,2700,2700,2700
POST,/api/v1/users/ustxou8vkg5uhixv/upload/dgylTz,1,0,3851.3046949956333,3851.3046949956333,3851.3046949956333,3851.3046949956333,48.0,0.0008335482114821122,0.0,3900,3900,3900,3900,3900,3900,3900,3900,3900,3900,3900
PUT,/api/v1/users/ustxou8vkg5uhixv/upload/dgylTz,1,0,3514.315025000542,3514.315025000542,3514.315025000542,3514.315025000542,50.0,0.0008335482114821122,0.0,3500,3500,3500,3500,3500,3500,3500,3500,3500,3500,3500
POST,/api/v1/users/ustxou8vkg5uhixv/upload/fKHSUx,1,0,2876.3169090016163,2876.3169090016163,2876.3169090016163,2876.3169090016163,48.0,0.0008335482114821122,0.0,2900,2900,2900,2900,2900,2900,2900,2900,2900,2900,2900
PUT,/api/v1/users/ustxou8vkg5uhixv/upload/fKHSUx,1,0,2538.4001689963043,2538.4001689963043,2538.4001689963043,2538.4001689963043,50.0,0.0008335482114821122,0.0,2500,2500,2500,2500,2500,2500,2500,2500,2500,2500,2500
POST,/api/v1/users/ustxou8vkg5uhixv/upload/fVbymx,1,0,2044.5306959954905,2044.5306959954905,2044.5306959954905,2044.5306959954905,48.0,0.0008335482114821122,0.0,2000,2000,2000,2000,2000,2000,2000,2000,2000,2000,2000
PUT,/api/v1/users/ustxou8vkg5uhixv/upload/fVbymx,1,0,261.7452019985649,261.7452019985649,261.7452019985649,261.7452019985649,50.0,0.0008335482114821122,0.0,260,260,260,260,260,260,260,260,260,260,260
POST,/api/v1/users/ustxou8vkg5uhixv/upload/fe7azF,1,0,3092.8366989974165,3092.8366989974165,3092.8366989974165,3092.8366989974165,48.0,0.0008335482114821122,0.0,3100,3100,3100,3100,3100,3100,3100,3100,3100,3100,3100
PUT,/api/v1/users/ustxou8vkg5uhixv/upload/fe7azF,1,0,3125.2012500044657,3125.2012500044657,3125.2012500044657,3125.2012500044657,50.0,0.0008335482114821122,0.0,3100,3100,3100,3100,3100,3100,3100,3100,3100,3100,3100
POST,/api/v1/users/ustxou8vkg5uhixv/upload/gbDg7Z,1,0,1546.6080400001374,1546.6080400001374,1546.6080400001374,1546.6080400001374,48.0,0.0008335482114821122,0.0,1500,1500,1500,1500,1500,1500,1500,1500,1500,1500,1500
PUT,/api/v1/users/ustxou8vkg5uhixv/upload/gbDg7Z,1,0,2271.6242039969075,2271.6242039969075,2271.6242039969075,2271.6242039969075,50.0,0.0008335482114821122,0.0,2300,2300,2300,2300,2300,2300,2300,2300,2300,2300,2300
POST,/api/v1/users/ustxou8vkg5uhixv/upload/hmXwfE,1,0,2865.650502004428,2865.650502004428,2865.650502004428,2865.650502004428,48.0,0.0008335482114821122,0.0,2900,2900,2900,2900,2900,2900,2900,2900,2900,2900,2900
PUT,/api/v1/users/ustxou8vkg5uhixv/upload/hmXwfE,1,0,279.6384390021558,279.6384390021558,279.6384390021558,279.6384390021558,50.0,0.0008335482114821122,0.0,280,280,280,280,280,280,280,280,280,280,280
POST,/api/v1/users/ustxou8vkg5uhixv/upload/i9dqEs,1,0,3969.9255720042856,3969.9255720042856,3969.9255720042856,3969.9255720042856,48.0,0.0008335482114821122,0.0,4000,4000,4000,4000,4000,4000,4000,4000,4000,4000,4000
PUT,/api/v1/users/ustxou8vkg5uhixv/upload/i9dqEs,1,0,2930.7281559958938,2930.7281559958938,2930.7281559958938,2930.7281559958938,50.0,0.0008335482114821122,0.0,2900,2900,2900,2900,2900,2900,2900,2900,2900,2900,2900
POST,/api/v1/users/ustxou8vkg5uhixv/upload/i9tDEu,1,0,3050.4868409989285,3050.4868409989285,3050.4868409989285,3050.4868409989285,48.0,0.0008335482114821122,0.0,3100,3100,3100,3100,3100,3100,3100,3100,3100,3100,3100
PUT,/api/v1/users/ustxou8vkg5uhixv/upload/i9tDEu,1,0,2494.209749995207,2494.209749995207,2494.209749995207,2494.209749995207,50.0,0.0008335482114821122,0.0,2500,2500,2500,2500,2500,2500,2500,2500,2500,2500,2500
POST,/api/v1/users/ustxou8vkg5uhixv/upload/iSPZrE,1,0,4311.367417998554,4311.367417998554,4311.367417998554,4311.367417998554,48.0,0.0008335482114821122,0.0,4300,4300,4300,4300,4300,4300,4300,4300,4300,4300,4300
PUT,/api/v1/users/ustxou8vkg5uhixv/upload/iSPZrE,1,0,3149.7783829981927,3149.7783829981927,3149.7783829981927,3149.7783829981927,50.0,0.0008335482114821122,0.0,3100,3100,3100,3100,3100,3100,3100,3100,3100,3100,3100
POST,/api/v1/users/ustxou8vkg5uhixv/upload/iV9lh8,1,0,4278.394262000802,4278.394262000802,4278.394262000802,4278.394262000802,48.0,0.0008335482114821122,0.0,4300,4300,4300,4300,4300,4300,4300,4300,4300,4300,4300
PUT,/api/v1/users/ustxou8vkg5uhixv/upload/iV9lh8,1,0,3051.755462998699,3051.755462998699,3051.755462998699,3051.755462998699,50.0,0.0008335482114821122,0.0,3100,3100,3100,3100,3100,3100,3100,3100,3100,3100,3100
POST,/api/v1/users/ustxou8vkg5uhixv/upload/j3EutA,1,0,4687.523242995667,4687.523242995667,4687.523242995667,4687.523242995667,48.0,0.0008335482114821122,0.0,4700,4700,4700,4700,4700,4700,4700,4700,4700,4700,4700
PUT,/api/v1/users/ustxou8vkg5uhixv/upload/j3EutA,1,0,2617.422113995417,2617.422113995417,2617.422113995417,2617.422113995417,50.0,0.0008335482114821122,0.0,2600,2600,2600,2600,2600,2600,2600,2600,2600,2600,2600
POST,/api/v1/users/ustxou8vkg5uhixv/upload/jTxee2,1,0,1424.3491969973547,1424.3491969973547,1424.3491969973547,1424.3491969973547,48.0,0.0008335482114821122,0.0,1400,1400,1400,1400,1400,1400,1400,1400,1400,1400,1400
PUT,/api/v1/users/ustxou8vkg5uhixv/upload/jTxee2,1,0,2773.1466540062684,2773.1466540062684,2773.1466540062684,2773.1466540062684,50.0,0.0008335482114821122,0.0,2800,2800,2800,2800,2800,2800,2800,2800,2800,2800,2800
POST,/api/v1/users/ustxou8vkg5uhixv/upload/jUJROh,1,0,3266.9070120027754,3266.9070120027754,3266.9070120027754,3266.9070120027754,48.0,0.0008335482114821122,0.0,3300,3300,3300,3300,3300,3300,3300,3300,3300,3300,3300
PUT,/api/v1/users/ustxou8vkg5uhixv/upload/jUJROh,1,0,2996.433900996635,2996.433900996635,2996.433900996635,2996.433900996635,50.0,0.0008335482114821122,0.0,3000,3000,3000,3000,3000,3000,3000,3000,3000,3000,3000
POST,/api/v1/users/ustxou8vkg5uhixv/upload/jsbzyv,1,0,965.3735049942043,965.3735049942043,965.3735049942043,965.3735049942043,48.0,0.0008335482114821122,0.0,970,970,970,970,970,970,970,970,970,970,970
PUT,/api/v1/users/ustxou8vkg5uhixv/upload/jsbzyv,1,0,2504.5299679986783,2504.5299679986783,2504.5299679986783,2504.5299679986783,50.0,0.0008335482114821122,0.0,2500,2500,2500,2500,2500,2500,2500,2500,2500,2500,2500
POST,/api/v1/users/ustxou8vkg5uhixv/upload/kA7nm3,1,0,3206.574020005064,3206.574020005064,3206.574020005064,3206.574020005064,48.0,0.0008335482114821122,0.0,3200,3200,3200,3200,3200,3200,3200,3200,3200,3200,3200
PUT,/api/v1/users/ustxou8vkg5uhixv/upload/kA7nm3,1,0,2862.0853519969387,2862.0853519969387,2862.0853519969387,2862.0853519969387,50.0,0.0008335482114821122,0.0,2900,2900,2900,2900,2900,2900,2900,2900,2900,2900,2900
POST,/api/v1/users/ustxou8vkg5uhixv/upload/keeb6T,1,0,1095.2608119987417,1095.2608119987417,1095.2608119987417,1095.2608119987417,48.0,0.0008335482114821122,0.0,1100,1100,1100,1100,1100,1100,1100,1100,1100,1100,1100
PUT,/api/v1/users/ustxou8vkg5uhixv/upload/keeb6T,1,0,3332.4508239966235,3332.4508239966235,3332.4508239966235,3332.4508239966235,50.0,0.0008335482114821122,0.0,3300,3300,3300,3300,3300,3300,3300,3300,3300,3300,3300
POST,/api/v1/users/ustxou8vkg5uhixv/upload/keigI7,1,0,2727.157993002038,2727.157993002038,2727.157993002038,2727.157993002038,48.0,0.0008335482114821122,0.0,2700,2700,2700,2700,2700,2700,2700,2700,2700,2700,2700
PUT,/api/v1/users/ustxou8vkg5uhixv/upload/keigI7,1,0,2572.5934939982835,2572.5934939982835,2572.5934939982835,2572.5934939982835,50.0,0.0008335482114821122,0.0,2600,2600,2600,2600,2600,2600,2600,2600,2600,2600,2600
POST,/api/v1/users/ustxou8vkg5uhixv/upload/kforvv,1,0,3795.1857619991642,3795.1857619991642,3795.1857619991642,3795.1857619991642,48.0,0.0008335482114821122,0.0,3800,3800,3800,3800,3800,3800,3800,3800,3800,3800,3800
PUT,/api/v1/users/ustxou8vkg5uhixv/upload/kforvv,1,0,3341.1622769999667,3341.1622769999667,3341.1622769999667,3341.1622769999667,50.0,0.0008335482114821122,0.0,3300,3300,3300,3300,3300,3300,3300,3300,3300,3300,3300
POST,/api/v1/users/ustxou8vkg5uhixv/upload/ksyFxz,1,0,2233.0129999972996,2233.0129999972996,2233.0129999972996,2233.0129999972996,48.0,0.0008335482114821122,0.0,2200,2200,2200,2200,2200,2200,2200,2200,2200,2200,2200
PUT,/api/v1/users/ustxou8vkg5uhixv/upload/ksyFxz,1,0,2950.1719000036246,2950.1719000036246,2950.1719000036246,2950.1719000036246,50.0,0.0008335482114821122,0.0,3000,3000,3000,3000,3000,3000,3000,3000,3000,3000,3000
POST,/api/v1/users/ustxou8vkg5uhixv/upload/lUv1WW,1,0,3326.1989499951596,3326.1989499951596,3326.1989499951596,3326.1989499951596,48.0,0.0008335482114821122,0.0,3300,3300,3300,3300,3300,3300,3300,3300,3300,3300,3300
PUT,/api/v1/users/ustxou8vkg5uhixv/upload/lUv1WW,1,0,3082.591328995477,3082.591328995477,3082.591328995477,3082.591328995477,50.0,0.0008335482114821122,0.0,3100,3100,3100,3100,3100,3100,3100,3100,3100,3100,3100
POST,/api/v1/users/ustxou8vkg5uhixv/upload/lxLgGf,1,0,2224.368893002975,2224.368893002975,2224.368893002975,2224.368893002975,48.0,0.0008335482114821122,0.0,2200,2200,2200,2200,2200,2200,2200,2200,2200,2200,2200
PUT,/api/v1/users/ustxou8vkg5uhixv/upload/lxLgGf,1,0,2499.6578239952214,2499.6578239952214,2499.6578239952214,2499.6578239952214,50.0,0.0008335482114821122,0.0,2500,2500,2500,2500,2500,2500,2500,2500,2500,2500,2500
POST,/api/v1/users/ustxou8vkg5uhixv/upload/lysyHq,1,0,2170.7556590044987,2170.7556590044987,2170.7556590044987,2170.7556590044987,48.0,0.0008335482114821122,0.0,2200,2200,2200,2200,2200,2200,2200,2200,2200,2200,2200
PUT,/api/v1/users/ustxou8vkg5uhixv/upload/lysyHq,1,0,2545.375173998764,2545.375173998764,2545.375173998764,2545.375173998764,50.0,0.0008335482114821122,0.0,2500,2500,2500,2500,2500,2500,2500,2500,2500,2500,2500
POST,/api/v1/users/ustxou8vkg5uhixv/upload/mDGIiq,1,0,2280.5769959959434,2280.5769959959434,2280.5769959959434,2280.5769959959434,48.0,0.0008335482114821122,0.0,2300,2300,2300,2300,2300,2300,2300,2300,2300,2300,2300
PUT,/api/v1/users/ustxou8vkg5uhixv/upload/mDGIiq,1,0,2452.048761995684,2452.048761995684,2452.048761995684,2452.048761995684,50.0,0.0008335482114821122,0.0,2500,2500,2500,2500,2500,2500,2500,2500,2500,2500,2500
POST,/api/v1/users/ustxou8vkg5uhixv/upload/mXfDfA,1,0,2381.632714001171,2381.632714001171,2381.632714001171,2381.632714001171,48.0,0.0008335482114821122,0.0,2400,2400,2400,2400,2400,2400,2400,2400,2400,2400,2400
PUT,/api/v1/users/ustxou8vkg5uhixv/upload/mXfDfA,1,0,2323.7843489987426,2323.7843489987426,2323.7843489987426,2323.7843489987426,50.0,0.0008335482114821122,0.0,2300,2300,2300,2300,2300,2300,2300,2300,2300,2300,2300
POST,/api/v1/users/ustxou8vkg5uhixv/upload/nHIFCv,1,0,5166.6348180006025,5166.6348180006025,5166.6348180006025,5166.6348180006025,48.0,0.0008335482114821122,0.0,5200,5200,5200,5200,5200,5200,5200,5200,5200,5200,5200
PUT,/api/v1/users/ustxou8vkg5uhixv/upload/nHIFCv,1,0,3870.575122004084,3870.575122004084,3870.575122004084,3870.575122004084,50.0,0.0008335482114821122,0.0,3900,3900,3900,3900,3900,3900,3900,3900,3900,3900,3900
POST,/api/v1/users/ustxou8vkg5uhixv/upload/nJqwvr,1,0,2086.578353002551,2086.578353002551,2086.578353002551,2086.578353002551,48.0,0.0008335482114821122,0.0,2100,2100,2100,2100,2100,2100,2100,2100,2100,2100,2100
PUT,/api/v1/users/ustxou8vkg5uhixv/upload/nJqwvr,1,0,2431.8270239964477,2431.8270239964477,2431.8270239964477,2431.8270239964477,50.0,0.0008335482114821122,0.0,2400,2400,2400,2400,2400,2400,2400,2400,2400,2400,2400
POST,/api/v1/users/ustxou8vkg5uhixv/upload/nPCjVa,1,0,3002.6739579989226,3002.6739579989226,3002.6739579989226,3002.6739579989226,48.0,0.0008335482114821122,0.0,3000,3000,3000,3000,3000,3000,3000,3000,3000,3000,3000
PUT,/api/v1/users/ustxou8vkg5uhixv/upload/nPCjVa,1,0,3165.123673999915,3165.123673999915,3165.123673999915,3165.123673999915,50.0,0.0008335482114821122,0.0,3200,3200,3200,3200,3200,3200,3200,3200,3200,3200,3200
POST,/api/v1/users/ustxou8vkg5uhixv/upload/nS78GW,1,0,5205.752585003211,5205.752585003211,5205.752585003211,5205.752585003211,48.0,0.0008335482114821122,0.0,5200,5200,5200,5200,5200,5200,5200,5200,5200,5200,5200
PUT,/api/v1/users/ustxou8vkg5uhixv/upload/nS78GW,1,0,3328.597440995509,3328.597440995509,3328.597440995509,3328.597440995509,50.0,0.0008335482114821122,0.0,3300,3300,3300,3300,3300,3300,3300,3300,3300,3300,3300
POST,/api/v1/users/ustxou8vkg5uhixv/upload/ndb3z4,1,0,2005.6786370041664,2005.6786370041664,2005.6786370041664,2005.6786370041664,48.0,0.0008335482114821122,0.0,2000,2000,2000,2000,2000,2000,2000,2000,2000,2000,2000
PUT,/api/v1/users/ustxou8vkg5uhixv/upload/ndb3z4,1,0,307.52242200105684,307.52242200105684,307.52242200105684,307.52242200105684,50.0,0.0008335482114821122,0.0,310,310,310,310,310,310,310,310,310,310,310
POST,/api/v1/users/ustxou8vkg5uhixv/upload/nkFPxr,1,0,2311.4455710019683,2311.4455710019683,2311.4455710019683,2311.4455710019683,48.0,0.0008335482114821122,0.0,2300,2300,2300,2300,2300,2300,2300,2300,2300,2300,2300
PUT,/api/v1/users/ustxou8vkg5uhixv/upload/nkFPxr,1,0,2831.66297400021,2831.66297400021,2831.66297400021,2831.66297400021,50.0,0.0008335482114821122,0.0,2800,2800,2800,2800,2800,2800,2800,2800,2800,2800,2800
POST,/api/v1/users/ustxou8vkg5uhixv/upload/nluryP,1,0,5341.327590998844,5341.327590998844,5341.327590998844,5341.327590998844,48.0,0.0008335482114821122,0.0,5300,5300,5300,5300,5300,5300,5300,5300,5300,5300,5300
PUT,/api/v1/users/ustxou8vkg5uhixv/upload/nluryP,1,0,3621.6230310019455,3621.6230310019455,3621.6230310019455,3621.6230310019455,50.0,0.0008335482114821122,0.0,3600,3600,3600,3600,3600,3600,3600,3600,3600,3600,3600
POST,/api/v1/users/ustxou8vkg5uhixv/upload/nzaTFs,1,0,1909.0514589988743,1909.0514589988743,1909.0514589988743,1909.0514589988743,48.0,0.0008335482114821122,0.0,1900,1900,1900,1900,1900,1900,1900,1900,1900,1900,1900
PUT,/api/v1/users/ustxou8vkg5uhixv/upload/nzaTFs,1,0,2401.876784002525,2401.876784002525,2401.876784002525,2401.876784002525,50.0,0.0008335482114821122,0.0,2400,2400,2400,2400,2400,2400,2400,2400,2400,2400,2400
POST,/api/v1/users/ustxou8vkg5uhixv/upload/o7Qpba,1,0,2901.5549269970506,2901.5549269970506,2901.5549269970506,2901.5549269970506,48.0,0.0008335482114821122,0.0,2900,2900,2900,2900,2900,2900,2900,2900,2900,2900,2900
PUT,/api/v1/users/ustxou8vkg5uhixv/upload/o7Qpba,1,0,2921.1776970041683,2921.1776970041683,2921.1776970041683,2921.1776970041683,50.0,0.0008335482114821122,0.0,2900,2900,2900,2900,2900,2900,2900,2900,2900,2900,2900
POST,/api/v1/users/ustxou8vkg5uhixv/upload/oYmvwn,1,0,3065.8701619977364,3065.8701619977364,3065.8701619977364,3065.8701619977364,48.0,0.0008335482114821122,0.0,3100,3100,3100,3100,3100,3100,3100,3100,3100,3100,3100
PUT,/api/v1/users/ustxou8vkg5uhixv/upload/oYmvwn,1,0,2634.6812569972826,2634.6812569972826,2634.6812569972826,2634.6812569972826,50.0,0.0008335482114821122,0.0,2600,2600,2600,2600,2600,2600,2600,2600,2600,2600,2600
POST,/api/v1/users/ustxou8vkg5uhixv/upload/obEMwS,1,0,5665.44444700412,5665.44444700412,5665.44444700412,5665.44444700412,48.0,0.0008335482114821122,0.0,5700,5700,5700,5700,5700,5700,5700,5700,5700,5700,5700
PUT,/api/v1/users/ustxou8vkg5uhixv/upload/obEMwS,1,0,3658.9962809957797,3658.9962809957797,3658.9962809957797,3658.9962809957797,50.0,0.0008335482114821122,0.0,3700,3700,3700,3700,3700,3700,3700,3700,3700,3700,3700
POST,/api/v1/users/ustxou8vkg5uhixv/upload/oeHslG,1,0,3363.6578069999814,3363.6578069999814,3363.6578069999814,3363.6578069999814,48.0,0.0008335482114821122,0.0,3400,3400,3400,3400,3400,3400,3400,3400,3400,3400,3400
PUT,/api/v1/users/ustxou8vkg5uhixv/upload/oeHslG,1,0,2465.7750180049334,2465.7750180049334,2465.7750180049334,2465.7750180049334,50.0,0.0008335482114821122,0.0,2500,2500,2500,2500,2500,2500,2500,2500,2500,2500,2500
POST,/api/v1/users/ustxou8vkg5uhixv/upload/pdSJer,1,0,2242.8615070020896,2242.8615070020896,2242.8615070020896,2242.8615070020896,48.0,0.0008335482114821122,0.0,2200,2200,2200,2200,2200,2200,2200,2200,2200,2200,2200
PUT,/api/v1/users/ustxou8vkg5uhixv/upload/pdSJer,1,0,2747.929329001636,2747.929329001636,2747.929329001636,2747.929329001636,50.0,0.0008335482114821122,0.0,2700,2700,2700,2700,2700,2700,2700,2700,2700,2700,2700
POST,/api/v1/users/ustxou8vkg5uhixv/upload/phP2v1,1,0,2326.918928003579,2326.918928003579,2326.918928003579,2326.918928003579,48.0,0.0008335482114821122,0.0,2300,2300,2300,2300,2300,2300,2300,2300,2300,2300,2300
PUT,/api/v1/users/ustxou8vkg5uhixv/upload/phP2v1,1,0,2543.0283259993303,2543.0283259993303,2543.0283259993303,2543.0283259993303,50.0,0.0008335482114821122,0.0,2500,2500,2500,2500,2500,2500,2500,2500,2500,2500,2500
POST,/api/v1/users/ustxou8vkg5uhixv/upload/qEb1Xn,1,0,6293.745800998295,6293.745800998295,6293.745800998295,6293.745800998295,48.0,0.0008335482114821122,0.0,6300,6300,6300,6300,6300,6300,6300,6300,6300,6300,6300
PUT,/api/v1/users/ustxou8vkg5uhixv/upload/qEb1Xn,1,0,3267.100400997151,3267.100400997151,3267.100400997151,3267.100400997151,50.0,0.0008335482114821122,0.0,3300,3300,3300,3300,3300,3300,3300,3300,3300,3300,3300
POST,/api/v1/users/ustxou8vkg5uhixv/upload/qHLGTp,1,0,4223.094006003521,4223.094006003521,4223.094006003521,4223.094006003521,48.0,0.0008335482114821122,0.0,4200,4200,4200,4200,4200,4200,4200,4200,4200,4200,4200
PUT,/api/v1/users/ustxou8vkg5uhixv/upload/qHLGTp,1,0,2994.500157998118,2994.500157998118,2994.500157998118,2994.500157998118,50.0,0.0008335482114821122,0.0,3000,3000,3000,3000,3000,3000,3000,3000,3000,3000,3000
POST,/api/v1/users/ustxou8vkg5uhixv/upload/qS2G77,1,0,2031.2242159998277,2031.2242159998277,2031.2242159998277,2031.2242159998277,48.0,0.0008335482114821122,0.0,2000,2000,2000,2000,2000,2000,2000,2000,2000,2000,2000
PUT,/api/v1/users/ustxou8vkg5uhixv/upload/qS2G77,1,0,2422.264360000554,2422.264360000554,2422.264360000554,2422.264360000554,50.0,0.0008335482114821122,0.0,2400,2400,2400,2400,2400,2400,2400,2400,2400,2400,2400
POST,/api/v1/users/ustxou8vkg5uhixv/upload/rLHgEc,1,0,3252.740748997894,3252.740748997894,3252.740748997894,3252.740748997894,48.0,0.0008335482114821122,0.0,3300,3300,3300,3300,3300,3300,3300,3300,3300,3300,3300
PUT,/api/v1/users/ustxou8vkg5uhixv/upload/rLHgEc,1,0,2873.547511000652,2873.547511000652,2873.547511000652,2873.547511000652,50.0,0.0008335482114821122,0.0,2900,2900,2900,2900,2900,2900,2900,2900,2900,2900,2900
POST,/api/v1/users/ustxou8vkg5uhixv/upload/rTE6ra,1,0,3206.446739997773,3206.446739997773,3206.446739997773,3206.446739997773,48.0,0.0008335482114821122,0.0,3200,3200,3200,3200,3200,3200,3200,3200,3200,3200,3200
PUT,/api/v1/users/ustxou8vkg5uhixv/upload/rTE6ra,1,0,2988.252809002006,2988.252809002006,2988.252809002006,2988.252809002006,50.0,0.0008335482114821122,0.0,3000,3000,3000,3000,3000,3000,3000,3000,3000,3000,3000
POST,/api/v1/users/ustxou8vkg5uhixv/upload/repHmr,1,0,5644.032045995118,5644.032045995118,5644.032045995118,5644.032045995118,48.0,0.0008335482114821122,0.0,5600,5600,5600,5600,5600,5600,5600,5600,5600,5600,5600
PUT,/api/v1/users/ustxou8vkg5uhixv/upload/repHmr,1,0,287.8337330039358,287.8337330039358,287.8337330039358,287.8337330039358,50.0,0.0008335482114821122,0.0,290,290,290,290,290,290,290,290,290,290,290
POST,/api/v1/users/ustxou8vkg5uhixv/upload/ri4vwc,1,0,4669.627406998188,4669.627406998188,4669.627406998188,4669.627406998188,48.0,0.0008335482114821122,0.0,4700,4700,4700,4700,4700,4700,4700,4700,4700,4700,4700
PUT,/api/v1/users/ustxou8vkg5uhixv/upload/ri4vwc,1,0,2992.8685699997004,2992.8685699997004,2992.8685699997004,2992.8685699997004,50.0,0.0008335482114821122,0.0,3000,3000,3000,3000,3000,3000,3000,3000,3000,3000,3000
POST,/api/v1/users/ustxou8vkg5uhixv/upload/rpnsua,1,0,4952.712278005492,4952.712278005492,4952.712278005492,4952.712278005492,48.0,0.0008335482114821122,0.0,5000,5000,5000,5000,5000,5000,5000,5000,5000,5000,5000
PUT,/api/v1/users/ustxou8vkg5uhixv/upload/rpnsua,1,0,3199.011739998241,3199.011739998241,3199.011739998241,3199.011739998241,50.0,0.0008335482114821122,0.0,3200,3200,3200,3200,3200,3200,3200,3200,3200,3200,3200
POST,/api/v1/users/ustxou8vkg5uhixv/upload/s1OfRV,1,0,5318.652889000077,5318.652889000077,5318.652889000077,5318.652889000077,48.0,0.0008335482114821122,0.0,5300,5300,5300,5300,5300,5300,5300,5300,5300,5300,5300
PUT,/api/v1/users/ustxou8vkg5uhixv/upload/s1OfRV,1,0,3565.3509229960036,3565.3509229960036,3565.3509229960036,3565.3509229960036,50.0,0.0008335482114821122,0.0,3600,3600,3600,3600,3600,3600,3600,3600,3600,3600,3600
POST,/api/v1/users/ustxou8vkg5uhixv/upload/sQk8SR,1,0,3807.6741929980926,3807.6741929980926,3807.6741929980926,3807.6741929980926,48.0,0.0008335482114821122,0.0,3800,3800,3800,3800,3800,3800,3800,3800,3800,3800,3800
PUT,/api/v1/users/ustxou8vkg5uhixv/upload/sQk8SR,1,0,2705.203283003357,2705.203283003357,2705.203283003357,2705.203283003357,50.0,0.0008335482114821122,0.0,2700,2700,2700,2700,2700,2700,2700,2700,2700,2700,2700
POST,/api/v1/users/ustxou8vkg5uhixv/upload/sVTmIM,1,0,1481.80446200422,1481.80446200422,1481.80446200422,1481.80446200422,48.0,0.0008335482114821122,0.0,1500,1500,1500,1500,1500,1500,1500,1500,1500,1500,1500
PUT,/api/v1/users/ustxou8vkg5uhixv/upload/sVTmIM,1,0,2292.0701719995122,2292.0701719995122,2292.0701719995122,2292.0701719995122,50.0,0.0008335482114821122,0.0,2300,2300,2300,2300,2300,2300,2300,2300,2300,2300,2300
POST,/api/v1/users/ustxou8vkg5uhixv/upload/uCpn0q,1,0,2326.8267739986186,2326.8267739986186,2326.8267739986186,2326.8267739986186,48.0,0.0008335482114821122,0.0,2300,2300,2300,2300,2300,2300,2300,2300,2300,2300,2300
PUT,/api/v1/users/ustxou8vkg5uhixv/upload/uCpn0q,1,0,2471.219626000675,2471.219626000675,2471.219626000675,2471.219626000675,50.0,0.0008335482114821122,0.0,2500,2500,2500,2500,2500,2500,2500,2500,2500,2500,2500
POST,/api/v1/users/ustxou8vkg5uhixv/upload/uJNuXW,1,0,3278.340238997771,3278.340238997771,3278.340238997771,3278.340238997771,48.0,0.0008335482114821122,0.0,3300,3300,3300,3300,3300,3300,3300,3300,3300,3300,3300
PUT,/api/v1/users/ustxou8vkg5uhixv/upload/uJNuXW,1,0,2814.926238002954,2814.926238002954,2814.926238002954,2814.926238002954,50.0,0.0008335482114821122,0.0,2800,2800,2800,2800,2800,2800,2800,2800,2800,2800,2800
POST,/api/v1/users/ustxou8vkg5uhixv/upload/uXcNCG,1,0,2812.07525600621,2812.07525600621,2812.07525600621,2812.07525600621,48.0,0.0008335482114821122,0.0,2800,2800,2800,2800,2800,2800,2800,2800,2800,2800,2800
PUT,/api/v1/users/ustxou8vkg5uhixv/upload/uXcNCG,1,0,2521.765017998405,2521.765017998405,2521.765017998405,2521.765017998405,50.0,0.0008335482114821122,0.0,2500,2500,2500,2500,2500,2500,2500,2500,2500,2500,2500
POST,/api/v1/users/ustxou8vkg5uhixv/upload/uitR1p,1,0,5032.353822003643,5032.353822003643,5032.353822003643,5032.353822003643,48.0,0.0008335482114821122,0.0,5000,5000,5000,5000,5000,5000,5000,5000,5000,5000,5000
PUT,/api/v1/users/ustxou8vkg5uhixv/upload/uitR1p,1,0,3702.901012999064,3702.901012999064,3702.901012999064,3702.901012999064,50.0,0.0008335482114821122,0.0,3700,3700,3700,3700,3700,3700,3700,3700,3700,3700,3700
POST,/api/v1/users/ustxou8vkg5uhixv/upload/veK3Q5,1,0,3115.183743997477,3115.183743997477,3115.183743997477,3115.183743997477,48.0,0.0008335482114821122,0.0,3100,3100,3100,3100,3100,3100,3100,3100,3100,3100,3100
PUT,/api/v1/users/ustxou8vkg5uhixv/upload/veK3Q5,1,0,3190.447850000055,3190.447850000055,3190.447850000055,3190.447850000055,50.0,0.0008335482114821122,0.0,3200,3200,3200,3200,3200,3200,3200,3200,3200,3200,3200
POST,/api/v1/users/ustxou8vkg5uhixv/upload/w7durY,1,0,2382.998654000403,2382.998654000403,2382.998654000403,2382.998654000403,48.0,0.0008335482114821122,0.0,2400,2400,2400,2400,2400,2400,2400,2400,2400,2400,2400
PUT,/api/v1/users/ustxou8vkg5uhixv/upload/w7durY,1,0,2418.2044769986533,2418.2044769986533,2418.2044769986533,2418.2044769986533,50.0,0.0008335482114821122,0.0,2400,2400,2400,2400,2400,2400,2400,2400,2400,2400,2400
POST,/api/v1/users/ustxou8vkg5uhixv/upload/wRpCUG,1,0,7400.921728993126,7400.921728993126,7400.921728993126,7400.921728993126,48.0,0.0008335482114821122,0.0,7400,7400,7400,7400,7400,7400,7400,7400,7400,7400,7400
PUT,/api/v1/users/ustxou8vkg5uhixv/upload/wRpCUG,1,0,4099.303643000894,4099.303643000894,4099.303643000894,4099.303643000894,50.0,0.0008335482114821122,0.0,4100,4100,4100,4100,4100,4100,4100,4100,4100,4100,4100
POST,/api/v1/users/ustxou8vkg5uhixv/upload/wTPhaq,1,0,2957.5808189983945,2957.5808189983945,2957.5808189983945,2957.5808189983945,48.0,0.0008335482114821122,0.0,3000,3000,3000,3000,3000,3000,3000,3000,3000,3000,3000
PUT,/api/v1/users/ustxou8vkg5uhixv/upload/wTPhaq,1,0,2703.842089002137,2703.842089002137,2703.842089002137,2703.842089002137,50.0,0.0008335482114821122,0.0,2700,2700,2700,2700,2700,2700,2700,2700,2700,2700,2700
POST,/api/v1/users/ustxou8vkg5uhixv/upload/wZsNPP,1,0,2614.7682860028,2614.7682860028,2614.7682860028,2614.7682860028,48.0,0.0008335482114821122,0.0,2600,2600,2600,2600,2600,2600,2600,2600,2600,2600,2600
PUT,/api/v1/users/ustxou8vkg5uhixv/upload/wZsNPP,1,0,2575.0091320005595,2575.0091320005595,2575.0091320005595,2575.0091320005595,50.0,0.0008335482114821122,0.0,2600,2600,2600,2600,2600,2600,2600,2600,2600,2600,2600
POST,/api/v1/users/ustxou8vkg5uhixv/upload/wsERa7,1,0,8276.141518996155,8276.141518996155,8276.141518996155,8276.141518996155,48.0,0.0008335482114821122,0.0,8300,8300,8300,8300,8300,8300,8300,8300,8300,8300,8300
PUT,/api/v1/users/ustxou8vkg5uhixv/upload/wsERa7,1,0,4394.053251999139,4394.053251999139,4394.053251999139,4394.053251999139,50.0,0.0008335482114821122,0.0,4400,4400,4400,4400,4400,4400,4400,4400,4400,4400,4400
POST,/api/v1/users/ustxou8vkg5uhixv/upload/xjrVpy,1,0,1916.4867329964181,1916.4867329964181,1916.4867329964181,1916.4867329964181,48.0,0.0008335482114821122,0.0,1900,1900,1900,1900,1900,1900,1900,1900,1900,1900,1900
PUT,/api/v1/users/ustxou8vkg5uhixv/upload/xjrVpy,1,0,2461.507002997678,2461.507002997678,2461.507002997678,2461.507002997678,50.0,0.0008335482114821122,0.0,2500,2500,2500,2500,2500,2500,2500,2500,2500,2500,2500
POST,/api/v1/users/ustxou8vkg5uhixv/upload/xkxVUO,1,0,4329.568482004106,4329.568482004106,4329.568482004106,4329.568482004106,48.0,0.0008335482114821122,0.0,4300,4300,4300,4300,4300,4300,4300,4300,4300,4300,4300
PUT,/api/v1/users/ustxou8vkg5uhixv/upload/xkxVUO,1,0,2547.3075170011725,2547.3075170011725,2547.3075170011725,2547.3075170011725,50.0,0.0008335482114821122,0.0,2500,2500,2500,2500,2500,2500,2500,2500,2500,2500,2500
POST,/api/v1/users/ustxou8vkg5uhixv/upload/zqZdNn,1,0,919.5701439966797,919.5701439966797,919.5701439966797,919.5701439966797,48.0,0.0008335482114821122,0.0,920,920,920,920,920,920,920,920,920,920,920
PUT,/api/v1/users/ustxou8vkg5uhixv/upload/zqZdNn,1,0,1951.539708999917,1951.539708999917,1951.539708999917,1951.539708999917,50.0,0.0008335482114821122,0.0,2000,2000,2000,2000,2000,2000,2000,2000,2000,2000,2000
,Aggregated,3562,0,560.0,1200.221560939626,89.85406400461216,16216.001378998044,487332.54912970244,2.969098729299284,0.0,560,800,1100,1500,3100,4800,7000,8600,14000,16000,16000
